{
  "nodes": [
    {
      "id": "453387",
      "title": "What is dBASE anyway?"
    },
    {
      "id": "325429",
      "title": "A CRT report generating system"
    },
    {
      "id": "793",
      "title": "Nintendo GameCube Collection: Luigi's Mansion / Super Smash Bros. Melee / Wave Race Blue Storm / Pikmin (Prima's Official Strategy Guide)"
    },
    {
      "id": "585934",
      "title": "Locomotion with unit-modular reconfigurable robot"
    },
    {
      "id": "288217",
      "title": "Multiresolution schemes for the reactive Euler equations"
    },
    {
      "id": "223071",
      "title": "Interactive exploration tools"
    },
    {
      "id": "222838",
      "title": "Are you ready for the desktop of the future?"
    },
    {
      "id": "324637",
      "title": "Regulating service access and information release on the Web"
    },
    {
      "id": "242318",
      "title": "Storage management in APL machines"
    },
    {
      "id": "589364",
      "title": "Benchmarking the POMPC compiler on the Connection Machine CM-2"
    },
    {
      "id": "616871",
      "title": "Excel 2000 Guia Visual"
    },
    {
      "id": "288417",
      "title": "Manufacturing lot-sizing under MRP II environment: an improved analytical model a heuristic procedure"
    },
    {
      "id": "286091",
      "title": "Electronic commerce at the dawn of the third millennium"
    },
    {
      "id": "627210",
      "title": "AutoCAD Release 12 Encyclopedia, 1st edition"
    },
    {
      "id": "576944",
      "title": "Use of Exterior Contours and Shape Features in Off-line Signature Verification"
    },
    {
      "id": "522993",
      "title": "Electronic CAD frameworks"
    },
    {
      "id": "595390",
      "title": "Investigating feedforward neural networks with respect to the rejection of spurious patterns"
    },
    {
      "id": "438528",
      "title": "Article Summaries"
    },
    {
      "id": "582437",
      "title": "q-analogue of the Krawtchouk and Meixner orthogonal polynomials"
    },
    {
      "id": "540601",
      "title": "Proximity E-beam exposure in submicron pattern using a silylation process"
    },
    {
      "id": "300114",
      "title": "Limits on connectivity"
    },
    {
      "id": "440329",
      "title": "Orientation-Based Differential Geometric Representations for Computer Vision Applications"
    },
    {
      "id": "246168",
      "title": "FME '93 - Industrial-Strength Formula Methods: Proceedings of the First International Symposium of Formal Methods Europe, Odense, Denmark, April 19-23, 1993"
    },
    {
      "id": "214293",
      "title": "Expectations of security and privacy"
    },
    {
      "id": "447297",
      "title": "A Note on Complexity of OBDD Composition and Efficiency of Partitioned-OBDDs over OBDDs"
    },
    {
      "id": "240509",
      "title": "MCSE Windows 2000 Server Study Guide with Cdrom"
    },
    {
      "id": "100909",
      "title": "Center for the study of reading: BBN branch"
    },
    {
      "id": "600460",
      "title": "Progress in simulation (vol. 2)"
    },
    {
      "id": "435551",
      "title": "COFI approach for mining frequent itemsets revisited"
    },
    {
      "id": "447191",
      "title": "E-Policy: How to Develop Computer, E-Mail and Internet Guidelines to Protect Your Company and Its Assets"
    },
    {
      "id": "295045",
      "title": "Clock"
    },
    {
      "id": "295695",
      "title": "Modeling industrial embedded systems with UML"
    },
    {
      "id": "224173",
      "title": "Postbuckling analysis of plates on an elastic foundation by the boundary element method"
    },
    {
      "id": "292142",
      "title": "Maximizing reusability: seeking appropriate positions for derived classes within the class hierarchy"
    },
    {
      "id": "613003",
      "title": "Intermediate Word Processing Applications: Job-Based Tasks, 1st edition"
    },
    {
      "id": "92350",
      "title": "WonderSpace: interactive 3D animation browser"
    },
    {
      "id": "298465",
      "title": "A recurrent model of transformation invariance by association"
    },
    {
      "id": "211385",
      "title": "On the total heights of random rooted binary trees"
    },
    {
      "id": "442339",
      "title": "Proceedings of the 2002 conference on APL: array processing languages: lore, problems, and applications"
    },
    {
      "id": "601429",
      "title": "Quaker Oats reins in departmental servers"
    },
    {
      "id": "323531",
      "title": "Proceedings of the conference on Programming languages and compilers for parallel and vector machines"
    },
    {
      "id": "314381",
      "title": "An XML and ontology based methodology and authoring environment for medical information systems"
    },
    {
      "id": "80261",
      "title": "Real-time nonphotorealistic rendering"
    },
    {
      "id": "80789",
      "title": "When should a roving server be patient?"
    },
    {
      "id": "242410",
      "title": "Wireless sensor networks for habitat monitoring"
    },
    {
      "id": "522797",
      "title": "Network management standards: the OSI, SNMP and CMOL protocols"
    },
    {
      "id": "446363",
      "title": "LETTERS: How Good Is Software Construction?"
    },
    {
      "id": "326013",
      "title": "Algorithm 621: Software with Low Storage Requirements for Two-Dimensional, Nonlinear, Parabolic Differential Equations"
    },
    {
      "id": "449292",
      "title": "Frontiers in Testing: 1988 International Test Conference"
    },
    {
      "id": "314849",
      "title": "A new proof of a classical theorem in design theory"
    },
    {
      "id": "266779",
      "title": "Integrating Human Factors into Use Cases and Object-Oriented Methods"
    },
    {
      "id": "299168",
      "title": "Qualitative behaviour of solutions of unilateral elliptic problems with perturbing the unknown boundary: I. The theory"
    },
    {
      "id": "284631",
      "title": "Variable-precision reaching definitions analysis"
    },
    {
      "id": "611481",
      "title": "Shield count minimization in congested regions"
    },
    {
      "id": "246323",
      "title": "HyperInquiry: surfing below the surface of the Web"
    },
    {
      "id": "243863",
      "title": "Martin Mlecko: Private Life"
    },
    {
      "id": "623232",
      "title": "Integrating communication and information through ContactMap"
    },
    {
      "id": "280723",
      "title": "Evaluation of predicated array data-flow analysis for automatic parallelization"
    },
    {
      "id": "329377",
      "title": "Automatic extension of an ATN knowledge base"
    },
    {
      "id": "74531",
      "title": "Parallel transient dynamics simulations"
    },
    {
      "id": "48685",
      "title": "Theoretical Foundations of Spatially-Variant Mathematical Morphology Part I: Binary Images"
    },
    {
      "id": "213123",
      "title": "Liouvillian and algebraic solutions of second and third order linear differential equations"
    },
    {
      "id": "615625",
      "title": "The characteristics of Zn-doped InP using spin-on Dopant as a diffusion source"
    },
    {
      "id": "583905",
      "title": "Breaking the probability 12 barrier in FIN-type learning"
    },
    {
      "id": "447830",
      "title": "On the non-Lipschitz property of certain arithmetic functions"
    },
    {
      "id": "620899",
      "title": "Computer Buyer's Handbook: How to Select and Buy Personal Computers for Your Home or Business, 2nd edition"
    },
    {
      "id": "446103",
      "title": "Will PKI Become a Key to Online Security?"
    },
    {
      "id": "558619",
      "title": "Navigation Support in a Real City Using City Metaphors"
    },
    {
      "id": "326830",
      "title": "Algorithm 533: NSPIV, a Fortran subroutine for sparse Gaussian elimination with partial pivoting [F4]"
    },
    {
      "id": "522442",
      "title": "The translation square map and approximate congruence"
    },
    {
      "id": "347475",
      "title": "Dynamic frame length channel assignment in wireless multihop ad hoc networks"
    },
    {
      "id": "308995",
      "title": "Evaluating the markov assumption for web usage mining"
    },
    {
      "id": "512360",
      "title": "An algorithm for image data compression based on vector quantization"
    },
    {
      "id": "446581",
      "title": "Guest Editor's Introduction: Fault tolerance"
    },
    {
      "id": "595185",
      "title": "Optimal probabilistic allocation of customer types to servers"
    },
    {
      "id": "445818",
      "title": "Calling Down the Lightning"
    },
    {
      "id": "74387",
      "title": "The effectiveness of machine learning techniques for predicting time to case disposition"
    },
    {
      "id": "249433",
      "title": "Relay Feedback: Analysis, Identification, and Control"
    },
    {
      "id": "574430",
      "title": "Control-flow integrity"
    },
    {
      "id": "440130",
      "title": "Movers and Shakers '95"
    },
    {
      "id": "311939",
      "title": "Migrating Web Frameworks Using Water Transformations"
    },
    {
      "id": "60180",
      "title": "Undergraduate education in the computer system of software school, Fudan University"
    },
    {
      "id": "433523",
      "title": "Refinable functions and positive operators"
    },
    {
      "id": "306120",
      "title": "SME barriers to electronic commerce adoption: nothing changes-everything is new"
    },
    {
      "id": "308251",
      "title": "Practical Foundations of Business System Specifications"
    },
    {
      "id": "299687",
      "title": "An algorithm for ordering subgoals in NAIL?"
    },
    {
      "id": "561051",
      "title": "Undetachable Threshold Signatures"
    },
    {
      "id": "343587",
      "title": "Automatic 3D facial segmentation and landmark detection"
    },
    {
      "id": "301645",
      "title": "Why the newspaper has a great user interface"
    },
    {
      "id": "108422",
      "title": "Representing linear algebra algorithms in code: the FLAME application program interfaces"
    },
    {
      "id": "626780",
      "title": "SIGDOC reminiscences"
    },
    {
      "id": "445295",
      "title": "Optimal regular volume sampling"
    },
    {
      "id": "582442",
      "title": "TREC routing experiments with the TRW/paracel fast data finder"
    },
    {
      "id": "445572",
      "title": "Mean Shift, Mode Seeking, and Clustering"
    },
    {
      "id": "627144",
      "title": "Microsoft Visual Basic 6.0 Professional Step by Step with CD-ROM, 2nd edition"
    },
    {
      "id": "80198",
      "title": "On d-orthogonal Tchebychev polynomials, I"
    },
    {
      "id": "290184",
      "title": "A novel FEM-based dynamic framework for subdivision surfaces"
    },
    {
      "id": "280812",
      "title": "A collaborative strategy for developing shared Java teaching resources to support first year programming"
    },
    {
      "id": "89650",
      "title": "Error Estimates with Sharp Constants for a Fading Memory Volterra Problem in Linear Solid Viscoelasticity"
    },
    {
      "id": "443970",
      "title": "On the open problem OQ. 560 a problem of M. Bencze"
    }
  ],
  "edges": [
    {
      "source": "793",
      "target": "453387"
    },
    {
      "source": "48685",
      "target": "453387"
    },
    {
      "source": "60180",
      "target": "453387"
    },
    {
      "source": "74387",
      "target": "453387"
    },
    {
      "source": "74531",
      "target": "453387"
    },
    {
      "source": "80198",
      "target": "453387"
    },
    {
      "source": "80261",
      "target": "453387"
    },
    {
      "source": "80789",
      "target": "453387"
    },
    {
      "source": "89650",
      "target": "453387"
    },
    {
      "source": "92350",
      "target": "522797"
    },
    {
      "source": "92350",
      "target": "453387"
    },
    {
      "source": "92350",
      "target": "522442"
    },
    {
      "source": "100909",
      "target": "453387"
    },
    {
      "source": "108422",
      "target": "453387"
    },
    {
      "source": "211385",
      "target": "453387"
    },
    {
      "source": "213123",
      "target": "453387"
    },
    {
      "source": "214293",
      "target": "522797"
    },
    {
      "source": "214293",
      "target": "453387"
    },
    {
      "source": "214293",
      "target": "522442"
    },
    {
      "source": "222838",
      "target": "453387"
    },
    {
      "source": "223071",
      "target": "453387"
    },
    {
      "source": "224173",
      "target": "453387"
    },
    {
      "source": "240509",
      "target": "453387"
    },
    {
      "source": "242318",
      "target": "627210"
    },
    {
      "source": "242318",
      "target": "453387"
    },
    {
      "source": "242318",
      "target": "314381"
    },
    {
      "source": "242410",
      "target": "453387"
    },
    {
      "source": "243863",
      "target": "453387"
    },
    {
      "source": "246168",
      "target": "453387"
    },
    {
      "source": "246168",
      "target": "314381"
    },
    {
      "source": "246323",
      "target": "453387"
    },
    {
      "source": "249433",
      "target": "453387"
    },
    {
      "source": "266779",
      "target": "453387"
    },
    {
      "source": "280723",
      "target": "453387"
    },
    {
      "source": "280812",
      "target": "453387"
    },
    {
      "source": "284631",
      "target": "453387"
    },
    {
      "source": "286091",
      "target": "453387"
    },
    {
      "source": "288217",
      "target": "453387"
    },
    {
      "source": "288417",
      "target": "453387"
    },
    {
      "source": "290184",
      "target": "453387"
    },
    {
      "source": "292142",
      "target": "453387"
    },
    {
      "source": "295045",
      "target": "453387"
    },
    {
      "source": "295695",
      "target": "453387"
    },
    {
      "source": "298465",
      "target": "453387"
    },
    {
      "source": "299168",
      "target": "453387"
    },
    {
      "source": "299168",
      "target": "585934"
    },
    {
      "source": "299687",
      "target": "453387"
    },
    {
      "source": "300114",
      "target": "280812"
    },
    {
      "source": "300114",
      "target": "453387"
    },
    {
      "source": "301645",
      "target": "453387"
    },
    {
      "source": "306120",
      "target": "453387"
    },
    {
      "source": "308251",
      "target": "453387"
    },
    {
      "source": "308995",
      "target": "453387"
    },
    {
      "source": "311939",
      "target": "453387"
    },
    {
      "source": "314381",
      "target": "453387"
    },
    {
      "source": "314849",
      "target": "453387"
    },
    {
      "source": "323531",
      "target": "453387"
    },
    {
      "source": "324637",
      "target": "453387"
    },
    {
      "source": "325429",
      "target": "288417"
    },
    {
      "source": "325429",
      "target": "453387"
    },
    {
      "source": "326013",
      "target": "453387"
    },
    {
      "source": "326830",
      "target": "453387"
    },
    {
      "source": "329377",
      "target": "286091"
    },
    {
      "source": "329377",
      "target": "453387"
    },
    {
      "source": "343587",
      "target": "453387"
    },
    {
      "source": "347475",
      "target": "453387"
    },
    {
      "source": "433523",
      "target": "453387"
    },
    {
      "source": "435551",
      "target": "246168"
    },
    {
      "source": "435551",
      "target": "314381"
    },
    {
      "source": "435551",
      "target": "453387"
    },
    {
      "source": "438528",
      "target": "453387"
    },
    {
      "source": "438528",
      "target": "440329"
    },
    {
      "source": "440130",
      "target": "453387"
    },
    {
      "source": "440329",
      "target": "453387"
    },
    {
      "source": "442339",
      "target": "453387"
    },
    {
      "source": "443970",
      "target": "453387"
    },
    {
      "source": "445295",
      "target": "453387"
    },
    {
      "source": "445572",
      "target": "453387"
    },
    {
      "source": "445818",
      "target": "453387"
    },
    {
      "source": "446103",
      "target": "453387"
    },
    {
      "source": "446363",
      "target": "453387"
    },
    {
      "source": "446581",
      "target": "453387"
    },
    {
      "source": "447191",
      "target": "453387"
    },
    {
      "source": "447297",
      "target": "440329"
    },
    {
      "source": "447297",
      "target": "453387"
    },
    {
      "source": "447830",
      "target": "453387"
    },
    {
      "source": "449292",
      "target": "440329"
    },
    {
      "source": "449292",
      "target": "453387"
    },
    {
      "source": "512360",
      "target": "453387"
    },
    {
      "source": "522442",
      "target": "453387"
    },
    {
      "source": "522442",
      "target": "522797"
    },
    {
      "source": "522797",
      "target": "453387"
    },
    {
      "source": "522993",
      "target": "453387"
    },
    {
      "source": "540601",
      "target": "453387"
    },
    {
      "source": "558619",
      "target": "453387"
    },
    {
      "source": "561051",
      "target": "453387"
    },
    {
      "source": "574430",
      "target": "445818"
    },
    {
      "source": "574430",
      "target": "453387"
    },
    {
      "source": "576944",
      "target": "453387"
    },
    {
      "source": "582437",
      "target": "453387"
    },
    {
      "source": "582442",
      "target": "453387"
    },
    {
      "source": "583905",
      "target": "445295"
    },
    {
      "source": "583905",
      "target": "453387"
    },
    {
      "source": "585934",
      "target": "453387"
    },
    {
      "source": "589364",
      "target": "453387"
    },
    {
      "source": "595185",
      "target": "453387"
    },
    {
      "source": "595185",
      "target": "522442"
    },
    {
      "source": "595185",
      "target": "522797"
    },
    {
      "source": "595390",
      "target": "453387"
    },
    {
      "source": "600460",
      "target": "453387"
    },
    {
      "source": "601429",
      "target": "453387"
    },
    {
      "source": "611481",
      "target": "80198"
    },
    {
      "source": "611481",
      "target": "453387"
    },
    {
      "source": "613003",
      "target": "453387"
    },
    {
      "source": "615625",
      "target": "453387"
    },
    {
      "source": "616871",
      "target": "453387"
    },
    {
      "source": "620899",
      "target": "453387"
    },
    {
      "source": "623232",
      "target": "324637"
    },
    {
      "source": "623232",
      "target": "453387"
    },
    {
      "source": "626780",
      "target": "453387"
    },
    {
      "source": "627144",
      "target": "453387"
    },
    {
      "source": "627210",
      "target": "453387"
    }
  ]
}