{"nodes": [{"id": "Stark_0", "label": "Sta0", "cluster": 0}, {"id": "Stark_1", "label": "Sta1", "cluster": 0}, {"id": "Stark_2", "label": "Sta2", "cluster": 0}, {"id": "Stark_3", "label": "Sta3", "cluster": 0}, {"id": "Stark_4", "label": "Sta4", "cluster": 0}, {"id": "Stark_5", "label": "Sta5", "cluster": 0}, {"id": "Stark_6", "label": "Sta6", "cluster": 1}, {"id": "Stark_7", "label": "Sta7", "cluster": 0}, {"id": "Stark_8", "label": "Sta8", "cluster": 0}, {"id": "Stark_9", "label": "Sta9", "cluster": 0}, {"id": "Stark_10", "label": "Sta10", "cluster": 0}, {"id": "Stark_11", "label": "Sta11", "cluster": 0}, {"id": "Lannister_0", "label": "Lan0", "cluster": 3}, {"id": "Lannister_1", "label": "Lan1", "cluster": 3}, {"id": "Lannister_2", "label": "Lan2", "cluster": 4}, {"id": "Lannister_3", "label": "Lan3", "cluster": 1}, {"id": "Lannister_4", "label": "Lan4", "cluster": 4}, {"id": "Lannister_5", "label": "Lan5", "cluster": 3}, {"id": "Lannister_6", "label": "Lan6", "cluster": 0}, {"id": "Lannister_7", "label": "Lan7", "cluster": 3}, {"id": "Lannister_8", "label": "Lan8", "cluster": 4}, {"id": "Lannister_9", "label": "Lan9", "cluster": 0}, {"id": "Lannister_10", "label": "Lan10", "cluster": 4}, {"id": "Targaryen_0", "label": "Tar0", "cluster": 5}, {"id": "Targaryen_1", "label": "Tar1", "cluster": 2}, {"id": "Targaryen_2", "label": "Tar2", "cluster": 2}, {"id": "Targaryen_3", "label": "Tar3", "cluster": 3}, {"id": "Targaryen_4", "label": "Tar4", "cluster": 2}, {"id": "Targaryen_5", "label": "Tar5", "cluster": 2}, {"id": "Targaryen_6", "label": "Tar6", "cluster": 2}, {"id": "Targaryen_7", "label": "Tar7", "cluster": 3}, {"id": "Targaryen_8", "label": "Tar8", "cluster": 2}, {"id": "Targaryen_9", "label": "Tar9", "cluster": 2}, {"id": "Baratheon_0", "label": "Bar0", "cluster": 1}, {"id": "Baratheon_1", "label": "Bar1", "cluster": 1}, {"id": "Baratheon_2", "label": "Bar2", "cluster": 4}, {"id": "Baratheon_3", "label": "Bar3", "cluster": 1}, {"id": "Baratheon_4", "label": "Bar4", "cluster": 1}, {"id": "Baratheon_5", "label": "Bar5", "cluster": 1}, {"id": "Baratheon_6", "label": "Bar6", "cluster": 3}, {"id": "Baratheon_7", "label": "Bar7", "cluster": 1}, {"id": "Baratheon_8", "label": "Bar8", "cluster": 5}, {"id": "Tyrell_0", "label": "Tyr0", "cluster": 3}, {"id": "Tyrell_1", "label": "Tyr1", "cluster": 5}, {"id": "Tyrell_2", "label": "Tyr2", "cluster": 3}, {"id": "Tyrell_3", "label": "Tyr3", "cluster": 5}, {"id": "Tyrell_4", "label": "Tyr4", "cluster": 5}, {"id": "Tyrell_5", "label": "Tyr5", "cluster": 5}, {"id": "Tyrell_6", "label": "Tyr6", "cluster": 5}, {"id": "Tyrell_7", "label": "Tyr7", "cluster": 5}, {"id": "Tyrell_8", "label": "Tyr8", "cluster": 5}, {"id": "Greyjoy_0", "label": "Gre0", "cluster": 2}, {"id": "Greyjoy_1", "label": "Gre1", "cluster": 3}, {"id": "Greyjoy_2", "label": "Gre2", "cluster": 3}, {"id": "Greyjoy_3", "label": "Gre3", "cluster": 3}, {"id": "Greyjoy_4", "label": "Gre4", "cluster": 3}, {"id": "Greyjoy_5", "label": "Gre5", "cluster": 4}, {"id": "Greyjoy_6", "label": "Gre6", "cluster": 4}, {"id": "Greyjoy_7", "label": "Gre7", "cluster": 2}, {"id": "Martell_0", "label": "Mar0", "cluster": 4}, {"id": "Martell_1", "label": "Mar1", "cluster": 4}, {"id": "Martell_2", "label": "Mar2", "cluster": 4}, {"id": "Martell_3", "label": "Mar3", "cluster": 4}, {"id": "Martell_4", "label": "Mar4", "cluster": 4}, {"id": "Martell_5", "label": "Mar5", "cluster": 4}, {"id": "Martell_6", "label": "Mar6", "cluster": 4}, {"id": "Martell_7", "label": "Mar7", "cluster": 4}, {"id": "Arryn_0", "label": "Arr0", "cluster": 1}, {"id": "Arryn_1", "label": "Arr1", "cluster": 3}, {"id": "Arryn_2", "label": "Arr2", "cluster": 0}, {"id": "Arryn_3", "label": "Arr3", "cluster": 1}, {"id": "Arryn_4", "label": "Arr4", "cluster": 1}, {"id": "Arryn_5", "label": "Arr5", "cluster": 1}, {"id": "Arryn_6", "label": "Arr6", "cluster": 3}, {"id": "Arryn_7", "label": "Arr7", "cluster": 0}], "edges": [{"source": "Stark_0", "target": "Stark_2"}, {"source": "Stark_0", "target": "Stark_4"}, {"source": "Stark_0", "target": "Stark_8"}, {"source": "Stark_0", "target": "Stark_10"}, {"source": "Stark_0", "target": "Stark_11"}, {"source": "Stark_1", "target": "Stark_3"}, {"source": "Stark_1", "target": "Stark_4"}, {"source": "Stark_1", "target": "Stark_7"}, {"source": "Stark_1", "target": "Stark_10"}, {"source": "Stark_2", "target": "Stark_5"}, {"source": "Stark_2", "target": "Stark_8"}, {"source": "Stark_2", "target": "Stark_9"}, {"source": "Stark_4", "target": "Stark_8"}, {"source": "Stark_4", "target": "Stark_9"}, {"source": "Stark_4", "target": "Stark_11"}, {"source": "Stark_5", "target": "Stark_6"}, {"source": "Stark_5", "target": "Stark_7"}, {"source": "Stark_6", "target": "Stark_7"}, {"source": "Stark_7", "target": "Stark_8"}, {"source": "Stark_7", "target": "Stark_10"}, {"source": "Lannister_0", "target": "Lannister_1"}, {"source": "Lannister_0", "target": "Lannister_2"}, {"source": "Lannister_0", "target": "Lannister_5"}, {"source": "Lannister_1", "target": "Lannister_5"}, {"source": "Lannister_2", "target": "Lannister_3"}, {"source": "Lannister_2", "target": "Lannister_6"}, {"source": "Lannister_2", "target": "Lannister_7"}, {"source": "Lannister_2", "target": "Lannister_8"}, {"source": "Lannister_3", "target": "Lannister_5"}, {"source": "Lannister_4", "target": "Lannister_5"}, {"source": "Lannister_5", "target": "Lannister_6"}, {"source": "Lannister_6", "target": "Lannister_9"}, {"source": "Lannister_8", "target": "Lannister_10"}, {"source": "Targaryen_0", "target": "Targaryen_4"}, {"source": "Targaryen_0", "target": "Targaryen_6"}, {"source": "Targaryen_1", "target": "Targaryen_3"}, {"source": "Targaryen_1", "target": "Targaryen_6"}, {"source": "Targaryen_1", "target": "Targaryen_8"}, {"source": "Targaryen_2", "target": "Targaryen_4"}, {"source": "Targaryen_3", "target": "Targaryen_4"}, {"source": "Targaryen_3", "target": "Targaryen_7"}, {"source": "Targaryen_4", "target": "Targaryen_8"}, {"source": "Targaryen_4", "target": "Targaryen_9"}, {"source": "Targaryen_5", "target": "Targaryen_8"}, {"source": "Targaryen_5", "target": "Targaryen_9"}, {"source": "Targaryen_6", "target": "Targaryen_7"}, {"source": "Targaryen_6", "target": "Targaryen_9"}, {"source": "Targaryen_8", "target": "Targaryen_9"}, {"source": "Baratheon_0", "target": "Baratheon_1"}, {"source": "Baratheon_0", "target": "Baratheon_3"}, {"source": "Baratheon_0", "target": "Baratheon_4"}, {"source": "Baratheon_1", "target": "Baratheon_3"}, {"source": "Baratheon_1", "target": "Baratheon_4"}, {"source": "Baratheon_2", "target": "Baratheon_5"}, {"source": "Baratheon_3", "target": "Baratheon_4"}, {"source": "Baratheon_3", "target": "Baratheon_5"}, {"source": "Baratheon_4", "target": "Baratheon_5"}, {"source": "Baratheon_5", "target": "Baratheon_7"}, {"source": "Tyrell_0", "target": "Tyrell_2"}, {"source": "Tyrell_0", "target": "Tyrell_4"}, {"source": "Tyrell_0", "target": "Tyrell_6"}, {"source": "Tyrell_2", "target": "Tyrell_4"}, {"source": "Tyrell_3", "target": "Tyrell_5"}, {"source": "Tyrell_4", "target": "Tyrell_5"}, {"source": "Tyrell_4", "target": "Tyrell_7"}, {"source": "Tyrell_4", "target": "Tyrell_8"}, {"source": "Tyrell_5", "target": "Tyrell_8"}, {"source": "Tyrell_6", "target": "Tyrell_7"}, {"source": "Tyrell_7", "target": "Tyrell_8"}, {"source": "Greyjoy_0", "target": "Greyjoy_7"}, {"source": "Greyjoy_1", "target": "Greyjoy_3"}, {"source": "Greyjoy_2", "target": "Greyjoy_4"}, {"source": "Greyjoy_3", "target": "Greyjoy_4"}, {"source": "Greyjoy_3", "target": "Greyjoy_5"}, {"source": "Greyjoy_5", "target": "Greyjoy_6"}, {"source": "Martell_0", "target": "Martell_4"}, {"source": "Martell_1", "target": "Martell_3"}, {"source": "Martell_1", "target": "Martell_4"}, {"source": "Martell_1", "target": "Martell_5"}, {"source": "Martell_2", "target": "Martell_5"}, {"source": "Martell_3", "target": "Martell_7"}, {"source": "Martell_4", "target": "Martell_7"}, {"source": "Arryn_0", "target": "Arryn_4"}, {"source": "Arryn_0", "target": "Arryn_5"}, {"source": "Arryn_1", "target": "Arryn_5"}, {"source": "Arryn_1", "target": "Arryn_6"}, {"source": "Arryn_2", "target": "Arryn_7"}, {"source": "Arryn_3", "target": "Arryn_4"}, {"source": "Arryn_3", "target": "Arryn_5"}, {"source": "Arryn_4", "target": "Arryn_7"}, {"source": "Lannister_10", "target": "Greyjoy_1"}, {"source": "Stark_3", "target": "Lannister_10"}, {"source": "Tyrell_0", "target": "Greyjoy_1"}, {"source": "Targaryen_8", "target": "Baratheon_1"}, {"source": "Lannister_8", "target": "Lannister_1"}, {"source": "Tyrell_6", "target": "Stark_4"}, {"source": "Martell_1", "target": "Targaryen_5"}, {"source": "Targaryen_2", "target": "Greyjoy_7"}, {"source": "Tyrell_2", "target": "Baratheon_6"}, {"source": "Targaryen_6", "target": "Targaryen_5"}, {"source": "Stark_3", "target": "Targaryen_1"}, {"source": "Greyjoy_0", "target": "Tyrell_0"}, {"source": "Baratheon_2", "target": "Stark_8"}, {"source": "Baratheon_2", "target": "Tyrell_2"}, {"source": "Martell_6", "target": "Greyjoy_0"}, {"source": "Arryn_1", "target": "Tyrell_0"}, {"source": "Stark_3", "target": "Lannister_2"}, {"source": "Baratheon_0", "target": "Lannister_10"}, {"source": "Arryn_7", "target": "Baratheon_0"}, {"source": "Stark_4", "target": "Lannister_1"}, {"source": "Greyjoy_4", "target": "Tyrell_2"}, {"source": "Baratheon_7", "target": "Greyjoy_4"}, {"source": "Martell_6", "target": "Lannister_2"}, {"source": "Tyrell_7", "target": "Arryn_6"}, {"source": "Targaryen_1", "target": "Targaryen_9"}, {"source": "Stark_5", "target": "Greyjoy_4"}, {"source": "Stark_0", "target": "Martell_7"}, {"source": "Arryn_1", "target": "Targaryen_2"}, {"source": "Tyrell_4", "target": "Greyjoy_4"}, {"source": "Stark_8", "target": "Tyrell_0"}, {"source": "Baratheon_7", "target": "Lannister_3"}, {"source": "Baratheon_5", "target": "Martell_5"}, {"source": "Baratheon_6", "target": "Greyjoy_1"}, {"source": "Baratheon_8", "target": "Greyjoy_0"}, {"source": "Baratheon_4", "target": "Arryn_3"}, {"source": "Lannister_4", "target": "Targaryen_1"}, {"source": "Greyjoy_2", "target": "Tyrell_6"}, {"source": "Lannister_10", "target": "Arryn_5"}, {"source": "Baratheon_5", "target": "Greyjoy_0"}, {"source": "Arryn_3", "target": "Stark_0"}, {"source": "Baratheon_5", "target": "Baratheon_3"}, {"source": "Targaryen_3", "target": "Greyjoy_4"}, {"source": "Arryn_7", "target": "Baratheon_8"}, {"source": "Martell_0", "target": "Greyjoy_5"}, {"source": "Greyjoy_5", "target": "Targaryen_4"}, {"source": "Martell_6", "target": "Martell_1"}, {"source": "Lannister_9", "target": "Stark_10"}, {"source": "Baratheon_3", "target": "Martell_6"}, {"source": "Tyrell_0", "target": "Stark_11"}, {"source": "Targaryen_7", "target": "Baratheon_6"}, {"source": "Targaryen_5", "target": "Targaryen_2"}, {"source": "Lannister_6", "target": "Stark_3"}, {"source": "Stark_5", "target": "Targaryen_8"}, {"source": "Martell_1", "target": "Stark_9"}, {"source": "Greyjoy_7", "target": "Greyjoy_2"}, {"source": "Arryn_6", "target": "Targaryen_1"}, {"source": "Tyrell_7", "target": "Martell_4"}, {"source": "Greyjoy_0", "target": "Targaryen_8"}, {"source": "Lannister_6", "target": "Stark_0"}, {"source": "Lannister_1", "target": "Greyjoy_3"}, {"source": "Targaryen_5", "target": "Lannister_10"}, {"source": "Martell_7", "target": "Martell_0"}, {"source": "Stark_6", "target": "Arryn_4"}, {"source": "Targaryen_8", "target": "Lannister_3"}, {"source": "Greyjoy_7", "target": "Lannister_5"}, {"source": "Martell_0", "target": "Arryn_0"}, {"source": "Arryn_4", "target": "Baratheon_7"}, {"source": "Greyjoy_5", "target": "Martell_5"}, {"source": "Greyjoy_3", "target": "Arryn_3"}, {"source": "Greyjoy_6", "target": "Lannister_8"}, {"source": "Martell_1", "target": "Greyjoy_6"}, {"source": "Baratheon_0", "target": "Targaryen_8"}, {"source": "Baratheon_2", "target": "Martell_7"}, {"source": "Martell_3", "target": "Targaryen_7"}, {"source": "Baratheon_2", "target": "Greyjoy_5"}, {"source": "Stark_9", "target": "Baratheon_3"}, {"source": "Targaryen_7", "target": "Baratheon_1"}, {"source": "Tyrell_0", "target": "Baratheon_7"}, {"source": "Arryn_2", "target": "Stark_10"}, {"source": "Lannister_5", "target": "Lannister_7"}, {"source": "Targaryen_6", "target": "Tyrell_7"}, {"source": "Lannister_7", "target": "Targaryen_4"}, {"source": "Stark_8", "target": "Greyjoy_2"}, {"source": "Greyjoy_1", "target": "Tyrell_0"}, {"source": "Arryn_2", "target": "Martell_0"}, {"source": "Greyjoy_2", "target": "Stark_7"}, {"source": "Targaryen_3", "target": "Greyjoy_2"}, {"source": "Tyrell_7", "target": "Arryn_7"}, {"source": "Stark_2", "target": "Arryn_6"}, {"source": "Tyrell_6", "target": "Martell_2"}, {"source": "Stark_0", "target": "Tyrell_3"}, {"source": "Baratheon_5", "target": "Tyrell_7"}, {"source": "Greyjoy_2", "target": "Arryn_1"}, {"source": "Arryn_2", "target": "Targaryen_5"}, {"source": "Martell_3", "target": "Targaryen_5"}, {"source": "Baratheon_1", "target": "Greyjoy_4"}, {"source": "Martell_3", "target": "Stark_3"}, {"source": "Tyrell_7", "target": "Tyrell_1"}, {"source": "Greyjoy_0", "target": "Lannister_9"}, {"source": "Martell_0", "target": "Lannister_4"}, {"source": "Arryn_1", "target": "Stark_3"}, {"source": "Tyrell_8", "target": "Arryn_5"}, {"source": "Stark_3", "target": "Stark_10"}, {"source": "Greyjoy_3", "target": "Lannister_5"}, {"source": "Martell_0", "target": "Targaryen_0"}, {"source": "Stark_6", "target": "Baratheon_0"}, {"source": "Tyrell_6", "target": "Baratheon_8"}, {"source": "Targaryen_4", "target": "Greyjoy_7"}, {"source": "Baratheon_8", "target": "Tyrell_1"}, {"source": "Tyrell_6", "target": "Baratheon_2"}, {"source": "Greyjoy_2", "target": "Targaryen_9"}, {"source": "Stark_10", "target": "Martell_1"}, {"source": "Stark_2", "target": "Arryn_2"}, {"source": "Stark_6", "target": "Tyrell_2"}, {"source": "Targaryen_5", "target": "Stark_8"}, {"source": "Stark_5", "target": "Stark_3"}, {"source": "Targaryen_8", "target": "Targaryen_2"}, {"source": "Stark_2", "target": "Lannister_7"}, {"source": "Targaryen_7", "target": "Lannister_4"}, {"source": "Martell_1", "target": "Lannister_2"}, {"source": "Arryn_5", "target": "Targaryen_4"}, {"source": "Martell_0", "target": "Targaryen_9"}, {"source": "Tyrell_5", "target": "Lannister_9"}, {"source": "Lannister_2", "target": "Lannister_8"}, {"source": "Baratheon_6", "target": "Lannister_1"}, {"source": "Arryn_7", "target": "Stark_3"}, {"source": "Baratheon_6", "target": "Arryn_6"}, {"source": "Tyrell_6", "target": "Tyrell_8"}, {"source": "Targaryen_2", "target": "Stark_9"}, {"source": "Targaryen_8", "target": "Lannister_1"}, {"source": "Baratheon_5", "target": "Lannister_3"}, {"source": "Arryn_5", "target": "Stark_5"}, {"source": "Tyrell_2", "target": "Arryn_1"}, {"source": "Greyjoy_3", "target": "Tyrell_5"}, {"source": "Stark_8", "target": "Martell_5"}, {"source": "Tyrell_1", "target": "Stark_1"}, {"source": "Greyjoy_2", "target": "Martell_3"}, {"source": "Lannister_1", "target": "Greyjoy_4"}, {"source": "Tyrell_4", "target": "Greyjoy_7"}, {"source": "Lannister_7", "target": "Greyjoy_4"}, {"source": "Lannister_10", "target": "Martell_7"}, {"source": "Baratheon_1", "target": "Arryn_1"}, {"source": "Martell_2", "target": "Martell_0"}, {"source": "Greyjoy_4", "target": "Baratheon_1"}, {"source": "Baratheon_8", "target": "Targaryen_8"}, {"source": "Stark_11", "target": "Baratheon_2"}, {"source": "Greyjoy_6", "target": "Targaryen_8"}, {"source": "Martell_0", "target": "Arryn_5"}, {"source": "Tyrell_6", "target": "Tyrell_1"}, {"source": "Stark_3", "target": "Martell_4"}, {"source": "Baratheon_8", "target": "Targaryen_0"}, {"source": "Martell_3", "target": "Targaryen_4"}, {"source": "Tyrell_3", "target": "Baratheon_0"}, {"source": "Tyrell_1", "target": "Baratheon_2"}, {"source": "Baratheon_2", "target": "Arryn_4"}, {"source": "Stark_1", "target": "Martell_7"}, {"source": "Targaryen_1", "target": "Stark_10"}, {"source": "Targaryen_7", "target": "Greyjoy_1"}, {"source": "Martell_3", "target": "Arryn_4"}, {"source": "Targaryen_7", "target": "Martell_1"}, {"source": "Martell_3", "target": "Greyjoy_6"}, {"source": "Stark_2", "target": "Stark_11"}, {"source": "Baratheon_4", "target": "Targaryen_5"}, {"source": "Greyjoy_0", "target": "Targaryen_8"}, {"source": "Baratheon_6", "target": "Arryn_7"}, {"source": "Tyrell_5", "target": "Martell_1"}, {"source": "Arryn_3", "target": "Arryn_0"}, {"source": "Tyrell_2", "target": "Greyjoy_3"}, {"source": "Arryn_3", "target": "Tyrell_0"}, {"source": "Tyrell_3", "target": "Greyjoy_7"}, {"source": "Baratheon_1", "target": "Baratheon_6"}, {"source": "Targaryen_9", "target": "Targaryen_6"}, {"source": "Lannister_3", "target": "Targaryen_1"}, {"source": "Baratheon_7", "target": "Lannister_3"}, {"source": "Arryn_1", "target": "Targaryen_0"}, {"source": "Targaryen_1", "target": "Targaryen_4"}, {"source": "Martell_2", "target": "Baratheon_2"}, {"source": "Arryn_0", "target": "Baratheon_3"}, {"source": "Lannister_0", "target": "Targaryen_1"}, {"source": "Baratheon_4", "target": "Targaryen_6"}, {"source": "Tyrell_4", "target": "Lannister_10"}, {"source": "Baratheon_5", "target": "Stark_1"}, {"source": "Arryn_1", "target": "Lannister_4"}, {"source": "Baratheon_2", "target": "Stark_5"}, {"source": "Stark_6", "target": "Arryn_3"}, {"source": "Baratheon_4", "target": "Lannister_4"}, {"source": "Martell_3", "target": "Lannister_1"}, {"source": "Stark_1", "target": "Arryn_6"}, {"source": "Baratheon_3", "target": "Martell_1"}, {"source": "Martell_2", "target": "Greyjoy_5"}, {"source": "Tyrell_1", "target": "Targaryen_0"}, {"source": "Stark_6", "target": "Targaryen_9"}, {"source": "Martell_2", "target": "Lannister_2"}, {"source": "Stark_8", "target": "Greyjoy_0"}, {"source": "Martell_3", "target": "Stark_9"}, {"source": "Arryn_6", "target": "Stark_6"}, {"source": "Lannister_7", "target": "Arryn_5"}, {"source": "Baratheon_5", "target": "Stark_10"}, {"source": "Targaryen_8", "target": "Lannister_3"}, {"source": "Arryn_4", "target": "Greyjoy_2"}]}