{"nodes": [{"id": "31336", "label": "Neural_Networks", "cluster": 0}, {"id": "1061127", "label": "Rule_Learning", "cluster": 1}, {"id": "1106406", "label": "Reinforcement_Learning", "cluster": 2}, {"id": "13195", "label": "Reinforcement_Learning", "cluster": 3}, {"id": "37879", "label": "Probabilistic_Methods", "cluster": 4}, {"id": "1126012", "label": "Probabilistic_Methods", "cluster": 5}, {"id": "1107140", "label": "Theory", "cluster": 6}, {"id": "1102850", "label": "Neural_Networks", "cluster": 7}, {"id": "31349", "label": "Neural_Networks", "cluster": 0}, {"id": "1106418", "label": "Theory", "cluster": 9}, {"id": "1123188", "label": "Neural_Networks", "cluster": 10}, {"id": "1128990", "label": "Genetic_Algorithms", "cluster": 11}, {"id": "109323", "label": "Probabilistic_Methods", "cluster": 12}, {"id": "217139", "label": "Case_Based", "cluster": 13}, {"id": "31353", "label": "Neural_Networks", "cluster": 0}, {"id": "32083", "label": "Neural_Networks", "cluster": 15}, {"id": "1126029", "label": "Reinforcement_Learning", "cluster": 16}, {"id": "1118017", "label": "Neural_Networks", "cluster": 17}, {"id": "49482", "label": "Neural_Networks", "cluster": 18}, {"id": "753265", "label": "Neural_Networks", "cluster": 19}, {"id": "249858", "label": "Theory", "cluster": 20}, {"id": "1113739", "label": "Reinforcement_Learning", "cluster": 21}, {"id": "48766", "label": "Genetic_Algorithms", "cluster": 22}, {"id": "646195", "label": "Probabilistic_Methods", "cluster": 41}, {"id": "1126050", "label": "Reinforcement_Learning", "cluster": 24}, {"id": "59626", "label": "Theory", "cluster": 20}, {"id": "340299", "label": "Neural_Networks", "cluster": 26}, {"id": "354004", "label": "Probabilistic_Methods", "cluster": 27}, {"id": "242637", "label": "Neural_Networks", "cluster": 28}, {"id": "1106492", "label": "Rule_Learning", "cluster": 29}, {"id": "74975", "label": "Case_Based", "cluster": 30}, {"id": "1152272", "label": "Neural_Networks", "cluster": 0}, {"id": "100701", "label": "Case_Based", "cluster": 32}, {"id": "66982", "label": "Neural_Networks", "cluster": 33}, {"id": "13960", "label": "Reinforcement_Learning", "cluster": 34}, {"id": "13966", "label": "Reinforcement_Learning", "cluster": 34}, {"id": "66990", "label": "Neural_Networks", "cluster": 36}, {"id": "182093", "label": "Reinforcement_Learning", "cluster": 37}, {"id": "182094", "label": "Genetic_Algorithms", "cluster": 38}, {"id": "13972", "label": "Reinforcement_Learning", "cluster": 24}, {"id": "13982", "label": "Theory", "cluster": 40}, {"id": "16819", "label": "Probabilistic_Methods", "cluster": 41}, {"id": "273152", "label": "Genetic_Algorithms", "cluster": 42}, {"id": "237521", "label": "Neural_Networks", "cluster": 35}, {"id": "1153703", "label": "Case_Based", "cluster": 39}, {"id": "32872", "label": "Reinforcement_Learning", "cluster": 8}, {"id": "284025", "label": "Neural_Networks", "cluster": 14}, {"id": "218666", "label": "Case_Based", "cluster": 23}, {"id": "16843", "label": "Probabilistic_Methods", "cluster": 25}, {"id": "1153724", "label": "Case_Based", "cluster": 31}], "edges": [{"source": "13966", "target": "13960"}, {"source": "13972", "target": "1126050"}, {"source": "16819", "target": "646195"}, {"source": "31336", "target": "31349"}, {"source": "31353", "target": "1152272"}, {"source": "31353", "target": "31336"}, {"source": "31353", "target": "31349"}, {"source": "59626", "target": "249858"}]}