{
  "nodes": [
    {
      "id": "453387",
      "title": "What is dBASE anyway?",
      "label": "",
      "cluster": 1,
      "topic": "clock, dbase, management"
    },
    {
      "id": "325429",
      "title": "A CRT report generating system",
      "label": "",
      "cluster": 1,
      "topic": "clock, dbase, management"
    },
    {
      "id": "793",
      "title": "Nintendo GameCube Collection: Luigi's Mansion / Super Smash Bros. Melee / Wave Race Blue Storm / Pikmin (Prima's Official Strategy Guide)",
      "label": "",
      "cluster": 2,
      "topic": "interactive, frameworks, web"
    },
    {
      "id": "585934",
      "title": "Locomotion with unit-modular reconfigurable robot",
      "label": "",
      "cluster": 2,
      "topic": "interactive, frameworks, web"
    },
    {
      "id": "288217",
      "title": "Multiresolution schemes for the reactive Euler equations",
      "label": "",
      "cluster": 7,
      "topic": "analysis, lightning, calling lightning"
    },
    {
      "id": "223071",
      "title": "Interactive exploration tools",
      "label": "",
      "cluster": 2,
      "topic": "interactive, frameworks, web"
    },
    {
      "id": "222838",
      "title": "Are you ready for the desktop of the future?",
      "label": "",
      "cluster": 6,
      "topic": "software, systems, machine"
    },
    {
      "id": "324637",
      "title": "Regulating service access and information release on the Web",
      "label": "",
      "cluster": 3,
      "topic": "security, commerce, electronic"
    },
    {
      "id": "242318",
      "title": "Storage management in APL machines",
      "label": "",
      "cluster": 1,
      "topic": "clock, dbase, management"
    },
    {
      "id": "589364",
      "title": "Benchmarking the POMPC compiler on the Connection Machine CM-2",
      "label": "",
      "cluster": 6,
      "topic": "software, systems, machine"
    },
    {
      "id": "616871",
      "title": "Excel 2000 Guia Visual",
      "label": "",
      "cluster": 2,
      "topic": "interactive, frameworks, web"
    },
    {
      "id": "288417",
      "title": "Manufacturing lot-sizing under MRP II environment: an improved analytical model a heuristic procedure",
      "label": "",
      "cluster": 6,
      "topic": "software, systems, machine"
    },
    {
      "id": "286091",
      "title": "Electronic commerce at the dawn of the third millennium",
      "label": "",
      "cluster": 3,
      "topic": "security, commerce, electronic"
    },
    {
      "id": "627210",
      "title": "AutoCAD Release 12 Encyclopedia, 1st edition",
      "label": "",
      "cluster": 2,
      "topic": "interactive, frameworks, web"
    },
    {
      "id": "576944",
      "title": "Use of Exterior Contours and Shape Features in Off-line Signature Verification",
      "label": "",
      "cluster": 4,
      "topic": "based, time, nonphotorealistic"
    },
    {
      "id": "522993",
      "title": "Electronic CAD frameworks",
      "label": "",
      "cluster": 2,
      "topic": "interactive, frameworks, web"
    },
    {
      "id": "595390",
      "title": "Investigating feedforward neural networks with respect to the rejection of spurious patterns",
      "label": "",
      "cluster": 4,
      "topic": "based, time, nonphotorealistic"
    },
    {
      "id": "438528",
      "title": "Article Summaries",
      "label": "",
      "cluster": 8,
      "topic": "summaries, article, article summaries"
    },
    {
      "id": "582437",
      "title": "q-analogue of the Krawtchouk and Meixner orthogonal polynomials",
      "label": "",
      "cluster": 9,
      "topic": "polynomials, orthogonal, functions"
    },
    {
      "id": "540601",
      "title": "Proximity E-beam exposure in submicron pattern using a silylation process",
      "label": "",
      "cluster": 7,
      "topic": "analysis, lightning, calling lightning"
    },
    {
      "id": "300114",
      "title": "Limits on connectivity",
      "label": "",
      "cluster": 1,
      "topic": "clock, dbase, management"
    },
    {
      "id": "440329",
      "title": "Orientation-Based Differential Geometric Representations for Computer Vision Applications",
      "label": "",
      "cluster": 4,
      "topic": "based, time, nonphotorealistic"
    },
    {
      "id": "246168",
      "title": "FME '93 - Industrial-Strength Formula Methods: Proceedings of the First International Symposium of Formal Methods Europe, Odense, Denmark, April 19-23, 1993",
      "label": "",
      "cluster": 9,
      "topic": "polynomials, orthogonal, functions"
    },
    {
      "id": "214293",
      "title": "Expectations of security and privacy",
      "label": "",
      "cluster": 3,
      "topic": "security, commerce, electronic"
    },
    {
      "id": "447297",
      "title": "A Note on Complexity of OBDD Composition and Efficiency of Partitioned-OBDDs over OBDDs",
      "label": "",
      "cluster": 0,
      "topic": "mining, wireless, networks"
    },
    {
      "id": "240509",
      "title": "MCSE Windows 2000 Server Study Guide with Cdrom",
      "label": "",
      "cluster": 2,
      "topic": "interactive, frameworks, web"
    },
    {
      "id": "100909",
      "title": "Center for the study of reading: BBN branch",
      "label": "",
      "cluster": 8,
      "topic": "summaries, article, article summaries"
    },
    {
      "id": "600460",
      "title": "Progress in simulation (vol. 2)",
      "label": "",
      "cluster": 7,
      "topic": "analysis, lightning, calling lightning"
    },
    {
      "id": "435551",
      "title": "COFI approach for mining frequent itemsets revisited",
      "label": "",
      "cluster": 0,
      "topic": "mining, wireless, networks"
    },
    {
      "id": "447191",
      "title": "E-Policy: How to Develop Computer, E-Mail and Internet Guidelines to Protect Your Company and Its Assets",
      "label": "",
      "cluster": 3,
      "topic": "security, commerce, electronic"
    },
    {
      "id": "295045",
      "title": "Clock",
      "label": "",
      "cluster": 1,
      "topic": "clock, dbase, management"
    },
    {
      "id": "295695",
      "title": "Modeling industrial embedded systems with UML",
      "label": "",
      "cluster": 6,
      "topic": "software, systems, machine"
    },
    {
      "id": "224173",
      "title": "Postbuckling analysis of plates on an elastic foundation by the boundary element method",
      "label": "",
      "cluster": 7,
      "topic": "analysis, lightning, calling lightning"
    },
    {
      "id": "292142",
      "title": "Maximizing reusability: seeking appropriate positions for derived classes within the class hierarchy",
      "label": "",
      "cluster": 1,
      "topic": "clock, dbase, management"
    },
    {
      "id": "613003",
      "title": "Intermediate Word Processing Applications: Job-Based Tasks, 1st edition",
      "label": "",
      "cluster": 6,
      "topic": "software, systems, machine"
    },
    {
      "id": "92350",
      "title": "WonderSpace: interactive 3D animation browser",
      "label": "",
      "cluster": 2,
      "topic": "interactive, frameworks, web"
    },
    {
      "id": "298465",
      "title": "A recurrent model of transformation invariance by association",
      "label": "",
      "cluster": 4,
      "topic": "based, time, nonphotorealistic"
    },
    {
      "id": "211385",
      "title": "On the total heights of random rooted binary trees",
      "label": "",
      "cluster": 0,
      "topic": "mining, wireless, networks"
    },
    {
      "id": "442339",
      "title": "Proceedings of the 2002 conference on APL: array processing languages: lore, problems, and applications",
      "label": "",
      "cluster": 6,
      "topic": "software, systems, machine"
    },
    {
      "id": "601429",
      "title": "Quaker Oats reins in departmental servers",
      "label": "",
      "cluster": 1,
      "topic": "clock, dbase, management"
    },
    {
      "id": "323531",
      "title": "Proceedings of the conference on Programming languages and compilers for parallel and vector machines",
      "label": "",
      "cluster": 7,
      "topic": "analysis, lightning, calling lightning"
    },
    {
      "id": "314381",
      "title": "An XML and ontology based methodology and authoring environment for medical information systems",
      "label": "",
      "cluster": 6,
      "topic": "software, systems, machine"
    },
    {
      "id": "80261",
      "title": "Real-time nonphotorealistic rendering",
      "label": "",
      "cluster": 4,
      "topic": "based, time, nonphotorealistic"
    },
    {
      "id": "80789",
      "title": "When should a roving server be patient?",
      "label": "",
      "cluster": 1,
      "topic": "clock, dbase, management"
    },
    {
      "id": "242410",
      "title": "Wireless sensor networks for habitat monitoring",
      "label": "",
      "cluster": 0,
      "topic": "mining, wireless, networks"
    },
    {
      "id": "522797",
      "title": "Network management standards: the OSI, SNMP and CMOL protocols",
      "label": "",
      "cluster": 1,
      "topic": "clock, dbase, management"
    },
    {
      "id": "446363",
      "title": "LETTERS: How Good Is Software Construction?",
      "label": "",
      "cluster": 6,
      "topic": "software, systems, machine"
    },
    {
      "id": "326013",
      "title": "Algorithm 621: Software with Low Storage Requirements for Two-Dimensional, Nonlinear, Parabolic Differential Equations",
      "label": "",
      "cluster": 7,
      "topic": "analysis, lightning, calling lightning"
    },
    {
      "id": "449292",
      "title": "Frontiers in Testing: 1988 International Test Conference",
      "label": "",
      "cluster": 1,
      "topic": "clock, dbase, management"
    },
    {
      "id": "314849",
      "title": "A new proof of a classical theorem in design theory",
      "label": "",
      "cluster": 1,
      "topic": "clock, dbase, management"
    },
    {
      "id": "266779",
      "title": "Integrating Human Factors into Use Cases and Object-Oriented Methods",
      "label": "",
      "cluster": 6,
      "topic": "software, systems, machine"
    },
    {
      "id": "299168",
      "title": "Qualitative behaviour of solutions of unilateral elliptic problems with perturbing the unknown boundary: I. The theory",
      "label": "",
      "cluster": 5,
      "topic": "solutions, differential equations, solutions second"
    },
    {
      "id": "284631",
      "title": "Variable-precision reaching definitions analysis",
      "label": "",
      "cluster": 1,
      "topic": "clock, dbase, management"
    },
    {
      "id": "611481",
      "title": "Shield count minimization in congested regions",
      "label": "",
      "cluster": 7,
      "topic": "analysis, lightning, calling lightning"
    },
    {
      "id": "246323",
      "title": "HyperInquiry: surfing below the surface of the Web",
      "label": "",
      "cluster": 2,
      "topic": "interactive, frameworks, web"
    },
    {
      "id": "243863",
      "title": "Martin Mlecko: Private Life",
      "label": "",
      "cluster": 8,
      "topic": "summaries, article, article summaries"
    },
    {
      "id": "623232",
      "title": "Integrating communication and information through ContactMap",
      "label": "",
      "cluster": 2,
      "topic": "interactive, frameworks, web"
    },
    {
      "id": "280723",
      "title": "Evaluation of predicated array data-flow analysis for automatic parallelization",
      "label": "",
      "cluster": 7,
      "topic": "analysis, lightning, calling lightning"
    },
    {
      "id": "329377",
      "title": "Automatic extension of an ATN knowledge base",
      "label": "",
      "cluster": 6,
      "topic": "software, systems, machine"
    },
    {
      "id": "74531",
      "title": "Parallel transient dynamics simulations",
      "label": "",
      "cluster": 7,
      "topic": "analysis, lightning, calling lightning"
    },
    {
      "id": "48685",
      "title": "Theoretical Foundations of Spatially-Variant Mathematical Morphology Part I: Binary Images",
      "label": "",
      "cluster": 4,
      "topic": "based, time, nonphotorealistic"
    },
    {
      "id": "213123",
      "title": "Liouvillian and algebraic solutions of second and third order linear differential equations",
      "label": "",
      "cluster": 5,
      "topic": "solutions, differential equations, solutions second"
    },
    {
      "id": "615625",
      "title": "The characteristics of Zn-doped InP using spin-on Dopant as a diffusion source",
      "label": "",
      "cluster": 9,
      "topic": "polynomials, orthogonal, functions"
    },
    {
      "id": "583905",
      "title": "Breaking the probability 12 barrier in FIN-type learning",
      "label": "",
      "cluster": 0,
      "topic": "mining, wireless, networks"
    },
    {
      "id": "447830",
      "title": "On the non-Lipschitz property of certain arithmetic functions",
      "label": "",
      "cluster": 9,
      "topic": "polynomials, orthogonal, functions"
    },
    {
      "id": "620899",
      "title": "Computer Buyer's Handbook: How to Select and Buy Personal Computers for Your Home or Business, 2nd edition",
      "label": "",
      "cluster": 3,
      "topic": "security, commerce, electronic"
    },
    {
      "id": "446103",
      "title": "Will PKI Become a Key to Online Security?",
      "label": "",
      "cluster": 3,
      "topic": "security, commerce, electronic"
    },
    {
      "id": "558619",
      "title": "Navigation Support in a Real City Using City Metaphors",
      "label": "",
      "cluster": 2,
      "topic": "interactive, frameworks, web"
    },
    {
      "id": "326830",
      "title": "Algorithm 533: NSPIV, a Fortran subroutine for sparse Gaussian elimination with partial pivoting [F4]",
      "label": "",
      "cluster": 9,
      "topic": "polynomials, orthogonal, functions"
    },
    {
      "id": "522442",
      "title": "The translation square map and approximate congruence",
      "label": "",
      "cluster": 0,
      "topic": "mining, wireless, networks"
    },
    {
      "id": "347475",
      "title": "Dynamic frame length channel assignment in wireless multihop ad hoc networks",
      "label": "",
      "cluster": 0,
      "topic": "mining, wireless, networks"
    },
    {
      "id": "308995",
      "title": "Evaluating the markov assumption for web usage mining",
      "label": "",
      "cluster": 0,
      "topic": "mining, wireless, networks"
    },
    {
      "id": "512360",
      "title": "An algorithm for image data compression based on vector quantization",
      "label": "",
      "cluster": 4,
      "topic": "based, time, nonphotorealistic"
    },
    {
      "id": "446581",
      "title": "Guest Editor's Introduction: Fault tolerance",
      "label": "",
      "cluster": 1,
      "topic": "clock, dbase, management"
    },
    {
      "id": "595185",
      "title": "Optimal probabilistic allocation of customer types to servers",
      "label": "",
      "cluster": 1,
      "topic": "clock, dbase, management"
    },
    {
      "id": "445818",
      "title": "Calling Down the Lightning",
      "label": "",
      "cluster": 7,
      "topic": "analysis, lightning, calling lightning"
    },
    {
      "id": "74387",
      "title": "The effectiveness of machine learning techniques for predicting time to case disposition",
      "label": "",
      "cluster": 6,
      "topic": "software, systems, machine"
    },
    {
      "id": "249433",
      "title": "Relay Feedback: Analysis, Identification, and Control",
      "label": "",
      "cluster": 7,
      "topic": "analysis, lightning, calling lightning"
    },
    {
      "id": "574430",
      "title": "Control-flow integrity",
      "label": "",
      "cluster": 1,
      "topic": "clock, dbase, management"
    },
    {
      "id": "440130",
      "title": "Movers and Shakers '95",
      "label": "",
      "cluster": 2,
      "topic": "interactive, frameworks, web"
    },
    {
      "id": "311939",
      "title": "Migrating Web Frameworks Using Water Transformations",
      "label": "",
      "cluster": 2,
      "topic": "interactive, frameworks, web"
    },
    {
      "id": "60180",
      "title": "Undergraduate education in the computer system of software school, Fudan University",
      "label": "",
      "cluster": 6,
      "topic": "software, systems, machine"
    },
    {
      "id": "433523",
      "title": "Refinable functions and positive operators",
      "label": "",
      "cluster": 9,
      "topic": "polynomials, orthogonal, functions"
    },
    {
      "id": "306120",
      "title": "SME barriers to electronic commerce adoption: nothing changes-everything is new",
      "label": "",
      "cluster": 3,
      "topic": "security, commerce, electronic"
    },
    {
      "id": "308251",
      "title": "Practical Foundations of Business System Specifications",
      "label": "",
      "cluster": 1,
      "topic": "clock, dbase, management"
    },
    {
      "id": "299687",
      "title": "An algorithm for ordering subgoals in NAIL?",
      "label": "",
      "cluster": 0,
      "topic": "mining, wireless, networks"
    },
    {
      "id": "561051",
      "title": "Undetachable Threshold Signatures",
      "label": "",
      "cluster": 1,
      "topic": "clock, dbase, management"
    },
    {
      "id": "343587",
      "title": "Automatic 3D facial segmentation and landmark detection",
      "label": "",
      "cluster": 4,
      "topic": "based, time, nonphotorealistic"
    },
    {
      "id": "301645",
      "title": "Why the newspaper has a great user interface",
      "label": "",
      "cluster": 8,
      "topic": "summaries, article, article summaries"
    },
    {
      "id": "108422",
      "title": "Representing linear algebra algorithms in code: the FLAME application program interfaces",
      "label": "",
      "cluster": 6,
      "topic": "software, systems, machine"
    },
    {
      "id": "626780",
      "title": "SIGDOC reminiscences",
      "label": "",
      "cluster": 1,
      "topic": "clock, dbase, management"
    },
    {
      "id": "445295",
      "title": "Optimal regular volume sampling",
      "label": "",
      "cluster": 0,
      "topic": "mining, wireless, networks"
    },
    {
      "id": "582442",
      "title": "TREC routing experiments with the TRW/paracel fast data finder",
      "label": "",
      "cluster": 7,
      "topic": "analysis, lightning, calling lightning"
    },
    {
      "id": "445572",
      "title": "Mean Shift, Mode Seeking, and Clustering",
      "label": "",
      "cluster": 4,
      "topic": "based, time, nonphotorealistic"
    },
    {
      "id": "627144",
      "title": "Microsoft Visual Basic 6.0 Professional Step by Step with CD-ROM, 2nd edition",
      "label": "",
      "cluster": 2,
      "topic": "interactive, frameworks, web"
    },
    {
      "id": "80198",
      "title": "On d-orthogonal Tchebychev polynomials, I",
      "label": "",
      "cluster": 9,
      "topic": "polynomials, orthogonal, functions"
    },
    {
      "id": "290184",
      "title": "A novel FEM-based dynamic framework for subdivision surfaces",
      "label": "",
      "cluster": 4,
      "topic": "based, time, nonphotorealistic"
    },
    {
      "id": "280812",
      "title": "A collaborative strategy for developing shared Java teaching resources to support first year programming",
      "label": "",
      "cluster": 6,
      "topic": "software, systems, machine"
    },
    {
      "id": "89650",
      "title": "Error Estimates with Sharp Constants for a Fading Memory Volterra Problem in Linear Solid Viscoelasticity",
      "label": "",
      "cluster": 7,
      "topic": "analysis, lightning, calling lightning"
    },
    {
      "id": "443970",
      "title": "On the open problem OQ. 560 a problem of M. Bencze",
      "label": "",
      "cluster": 9,
      "topic": "polynomials, orthogonal, functions"
    }
  ],
  "edges": [
    {
      "source": "793",
      "target": "453387"
    },
    {
      "source": "48685",
      "target": "453387"
    },
    {
      "source": "60180",
      "target": "453387"
    },
    {
      "source": "74387",
      "target": "453387"
    },
    {
      "source": "74531",
      "target": "453387"
    },
    {
      "source": "80198",
      "target": "453387"
    },
    {
      "source": "80261",
      "target": "453387"
    },
    {
      "source": "80789",
      "target": "453387"
    },
    {
      "source": "89650",
      "target": "453387"
    },
    {
      "source": "92350",
      "target": "522797"
    },
    {
      "source": "92350",
      "target": "453387"
    },
    {
      "source": "92350",
      "target": "522442"
    },
    {
      "source": "100909",
      "target": "453387"
    },
    {
      "source": "108422",
      "target": "453387"
    },
    {
      "source": "211385",
      "target": "453387"
    },
    {
      "source": "213123",
      "target": "453387"
    },
    {
      "source": "214293",
      "target": "522797"
    },
    {
      "source": "214293",
      "target": "453387"
    },
    {
      "source": "214293",
      "target": "522442"
    },
    {
      "source": "222838",
      "target": "453387"
    },
    {
      "source": "223071",
      "target": "453387"
    },
    {
      "source": "224173",
      "target": "453387"
    },
    {
      "source": "240509",
      "target": "453387"
    },
    {
      "source": "242318",
      "target": "627210"
    },
    {
      "source": "242318",
      "target": "453387"
    },
    {
      "source": "242318",
      "target": "314381"
    },
    {
      "source": "242410",
      "target": "453387"
    },
    {
      "source": "243863",
      "target": "453387"
    },
    {
      "source": "246168",
      "target": "453387"
    },
    {
      "source": "246168",
      "target": "314381"
    },
    {
      "source": "246323",
      "target": "453387"
    },
    {
      "source": "249433",
      "target": "453387"
    },
    {
      "source": "266779",
      "target": "453387"
    },
    {
      "source": "280723",
      "target": "453387"
    },
    {
      "source": "280812",
      "target": "453387"
    },
    {
      "source": "284631",
      "target": "453387"
    },
    {
      "source": "286091",
      "target": "453387"
    },
    {
      "source": "288217",
      "target": "453387"
    },
    {
      "source": "288417",
      "target": "453387"
    },
    {
      "source": "290184",
      "target": "453387"
    },
    {
      "source": "292142",
      "target": "453387"
    },
    {
      "source": "295045",
      "target": "453387"
    },
    {
      "source": "295695",
      "target": "453387"
    },
    {
      "source": "298465",
      "target": "453387"
    },
    {
      "source": "299168",
      "target": "453387"
    },
    {
      "source": "299168",
      "target": "585934"
    },
    {
      "source": "299687",
      "target": "453387"
    },
    {
      "source": "300114",
      "target": "280812"
    },
    {
      "source": "300114",
      "target": "453387"
    },
    {
      "source": "301645",
      "target": "453387"
    },
    {
      "source": "306120",
      "target": "453387"
    },
    {
      "source": "308251",
      "target": "453387"
    },
    {
      "source": "308995",
      "target": "453387"
    },
    {
      "source": "311939",
      "target": "453387"
    },
    {
      "source": "314381",
      "target": "453387"
    },
    {
      "source": "314849",
      "target": "453387"
    },
    {
      "source": "323531",
      "target": "453387"
    },
    {
      "source": "324637",
      "target": "453387"
    },
    {
      "source": "325429",
      "target": "288417"
    },
    {
      "source": "325429",
      "target": "453387"
    },
    {
      "source": "326013",
      "target": "453387"
    },
    {
      "source": "326830",
      "target": "453387"
    },
    {
      "source": "329377",
      "target": "286091"
    },
    {
      "source": "329377",
      "target": "453387"
    },
    {
      "source": "343587",
      "target": "453387"
    },
    {
      "source": "347475",
      "target": "453387"
    },
    {
      "source": "433523",
      "target": "453387"
    },
    {
      "source": "435551",
      "target": "246168"
    },
    {
      "source": "435551",
      "target": "314381"
    },
    {
      "source": "435551",
      "target": "453387"
    },
    {
      "source": "438528",
      "target": "453387"
    },
    {
      "source": "438528",
      "target": "440329"
    },
    {
      "source": "440130",
      "target": "453387"
    },
    {
      "source": "440329",
      "target": "453387"
    },
    {
      "source": "442339",
      "target": "453387"
    },
    {
      "source": "443970",
      "target": "453387"
    },
    {
      "source": "445295",
      "target": "453387"
    },
    {
      "source": "445572",
      "target": "453387"
    },
    {
      "source": "445818",
      "target": "453387"
    },
    {
      "source": "446103",
      "target": "453387"
    },
    {
      "source": "446363",
      "target": "453387"
    },
    {
      "source": "446581",
      "target": "453387"
    },
    {
      "source": "447191",
      "target": "453387"
    },
    {
      "source": "447297",
      "target": "440329"
    },
    {
      "source": "447297",
      "target": "453387"
    },
    {
      "source": "447830",
      "target": "453387"
    },
    {
      "source": "449292",
      "target": "440329"
    },
    {
      "source": "449292",
      "target": "453387"
    },
    {
      "source": "512360",
      "target": "453387"
    },
    {
      "source": "522442",
      "target": "453387"
    },
    {
      "source": "522442",
      "target": "522797"
    },
    {
      "source": "522797",
      "target": "453387"
    },
    {
      "source": "522993",
      "target": "453387"
    },
    {
      "source": "540601",
      "target": "453387"
    },
    {
      "source": "558619",
      "target": "453387"
    },
    {
      "source": "561051",
      "target": "453387"
    },
    {
      "source": "574430",
      "target": "445818"
    },
    {
      "source": "574430",
      "target": "453387"
    },
    {
      "source": "576944",
      "target": "453387"
    },
    {
      "source": "582437",
      "target": "453387"
    },
    {
      "source": "582442",
      "target": "453387"
    },
    {
      "source": "583905",
      "target": "445295"
    },
    {
      "source": "583905",
      "target": "453387"
    },
    {
      "source": "585934",
      "target": "453387"
    },
    {
      "source": "589364",
      "target": "453387"
    },
    {
      "source": "595185",
      "target": "453387"
    },
    {
      "source": "595185",
      "target": "522442"
    },
    {
      "source": "595185",
      "target": "522797"
    },
    {
      "source": "595390",
      "target": "453387"
    },
    {
      "source": "600460",
      "target": "453387"
    },
    {
      "source": "601429",
      "target": "453387"
    },
    {
      "source": "611481",
      "target": "80198"
    },
    {
      "source": "611481",
      "target": "453387"
    },
    {
      "source": "613003",
      "target": "453387"
    },
    {
      "source": "615625",
      "target": "453387"
    },
    {
      "source": "616871",
      "target": "453387"
    },
    {
      "source": "620899",
      "target": "453387"
    },
    {
      "source": "623232",
      "target": "324637"
    },
    {
      "source": "623232",
      "target": "453387"
    },
    {
      "source": "626780",
      "target": "453387"
    },
    {
      "source": "627144",
      "target": "453387"
    },
    {
      "source": "627210",
      "target": "453387"
    }
  ]
}