{
  "nodes": [
    {
      "id": "31336",
      "label": "Neural_Networks",
      "title": "Neural_Networks",
      "cluster": 0
    },
    {
      "id": "1061127",
      "label": "Rule_Learning",
      "title": "Rule_Learning",
      "cluster": 6
    },
    {
      "id": "1106406",
      "label": "Reinforcement_Learning",
      "title": "Reinforcement_Learning",
      "cluster": 1
    },
    {
      "id": "13195",
      "label": "Reinforcement_Learning",
      "title": "Reinforcement_Learning",
      "cluster": 1
    },
    {
      "id": "37879",
      "label": "Probabilistic_Methods",
      "title": "Probabilistic_Methods",
      "cluster": 2
    },
    {
      "id": "1126012",
      "label": "Probabilistic_Methods",
      "title": "Probabilistic_Methods",
      "cluster": 2
    },
    {
      "id": "1107140",
      "label": "Theory",
      "title": "Theory",
      "cluster": 4
    },
    {
      "id": "1102850",
      "label": "Neural_Networks",
      "title": "Neural_Networks",
      "cluster": 0
    },
    {
      "id": "31349",
      "label": "Neural_Networks",
      "title": "Neural_Networks",
      "cluster": 0
    },
    {
      "id": "1106418",
      "label": "Theory",
      "title": "Theory",
      "cluster": 4
    },
    {
      "id": "1123188",
      "label": "Neural_Networks",
      "title": "Neural_Networks",
      "cluster": 0
    },
    {
      "id": "1128990",
      "label": "Genetic_Algorithms",
      "title": "Genetic_Algorithms",
      "cluster": 5
    },
    {
      "id": "109323",
      "label": "Probabilistic_Methods",
      "title": "Probabilistic_Methods",
      "cluster": 2
    },
    {
      "id": "217139",
      "label": "Case_Based",
      "title": "Case_Based",
      "cluster": 3
    },
    {
      "id": "31353",
      "label": "Neural_Networks",
      "title": "Neural_Networks",
      "cluster": 0
    },
    {
      "id": "32083",
      "label": "Neural_Networks",
      "title": "Neural_Networks",
      "cluster": 0
    },
    {
      "id": "1126029",
      "label": "Reinforcement_Learning",
      "title": "Reinforcement_Learning",
      "cluster": 1
    },
    {
      "id": "1118017",
      "label": "Neural_Networks",
      "title": "Neural_Networks",
      "cluster": 0
    },
    {
      "id": "49482",
      "label": "Neural_Networks",
      "title": "Neural_Networks",
      "cluster": 0
    },
    {
      "id": "753265",
      "label": "Neural_Networks",
      "title": "Neural_Networks",
      "cluster": 0
    },
    {
      "id": "249858",
      "label": "Theory",
      "title": "Theory",
      "cluster": 4
    },
    {
      "id": "1113739",
      "label": "Reinforcement_Learning",
      "title": "Reinforcement_Learning",
      "cluster": 1
    },
    {
      "id": "48766",
      "label": "Genetic_Algorithms",
      "title": "Genetic_Algorithms",
      "cluster": 5
    },
    {
      "id": "646195",
      "label": "Probabilistic_Methods",
      "title": "Probabilistic_Methods",
      "cluster": 2
    },
    {
      "id": "1126050",
      "label": "Reinforcement_Learning",
      "title": "Reinforcement_Learning",
      "cluster": 1
    },
    {
      "id": "59626",
      "label": "Theory",
      "title": "Theory",
      "cluster": 4
    },
    {
      "id": "340299",
      "label": "Neural_Networks",
      "title": "Neural_Networks",
      "cluster": 0
    },
    {
      "id": "354004",
      "label": "Probabilistic_Methods",
      "title": "Probabilistic_Methods",
      "cluster": 2
    },
    {
      "id": "242637",
      "label": "Neural_Networks",
      "title": "Neural_Networks",
      "cluster": 0
    },
    {
      "id": "1106492",
      "label": "Rule_Learning",
      "title": "Rule_Learning",
      "cluster": 6
    },
    {
      "id": "74975",
      "label": "Case_Based",
      "title": "Case_Based",
      "cluster": 3
    },
    {
      "id": "1152272",
      "label": "Neural_Networks",
      "title": "Neural_Networks",
      "cluster": 0
    },
    {
      "id": "100701",
      "label": "Case_Based",
      "title": "Case_Based",
      "cluster": 3
    },
    {
      "id": "66982",
      "label": "Neural_Networks",
      "title": "Neural_Networks",
      "cluster": 0
    },
    {
      "id": "13960",
      "label": "Reinforcement_Learning",
      "title": "Reinforcement_Learning",
      "cluster": 1
    },
    {
      "id": "13966",
      "label": "Reinforcement_Learning",
      "title": "Reinforcement_Learning",
      "cluster": 1
    },
    {
      "id": "66990",
      "label": "Neural_Networks",
      "title": "Neural_Networks",
      "cluster": 0
    },
    {
      "id": "182093",
      "label": "Reinforcement_Learning",
      "title": "Reinforcement_Learning",
      "cluster": 1
    },
    {
      "id": "182094",
      "label": "Genetic_Algorithms",
      "title": "Genetic_Algorithms",
      "cluster": 5
    },
    {
      "id": "13972",
      "label": "Reinforcement_Learning",
      "title": "Reinforcement_Learning",
      "cluster": 1
    },
    {
      "id": "13982",
      "label": "Theory",
      "title": "Theory",
      "cluster": 4
    },
    {
      "id": "16819",
      "label": "Probabilistic_Methods",
      "title": "Probabilistic_Methods",
      "cluster": 2
    },
    {
      "id": "273152",
      "label": "Genetic_Algorithms",
      "title": "Genetic_Algorithms",
      "cluster": 5
    },
    {
      "id": "237521",
      "label": "Neural_Networks",
      "title": "Neural_Networks",
      "cluster": 0
    },
    {
      "id": "1153703",
      "label": "Case_Based",
      "title": "Case_Based",
      "cluster": 3
    },
    {
      "id": "32872",
      "label": "Reinforcement_Learning",
      "title": "Reinforcement_Learning",
      "cluster": 1
    },
    {
      "id": "284025",
      "label": "Neural_Networks",
      "title": "Neural_Networks",
      "cluster": 0
    },
    {
      "id": "218666",
      "label": "Case_Based",
      "title": "Case_Based",
      "cluster": 3
    },
    {
      "id": "16843",
      "label": "Probabilistic_Methods",
      "title": "Probabilistic_Methods",
      "cluster": 2
    },
    {
      "id": "1153724",
      "label": "Case_Based",
      "title": "Case_Based",
      "cluster": 3
    }
  ],
  "edges": [
    {
      "source": "13966",
      "target": "13960"
    },
    {
      "source": "13972",
      "target": "1126050"
    },
    {
      "source": "16819",
      "target": "646195"
    },
    {
      "source": "31336",
      "target": "31349"
    },
    {
      "source": "31353",
      "target": "1152272"
    },
    {
      "source": "31353",
      "target": "31336"
    },
    {
      "source": "31353",
      "target": "31349"
    },
    {
      "source": "59626",
      "target": "249858"
    }
  ]
}