{"nodes": [{"id": "0", "title": "A+ Certification Core Hardware (Text & Lab Manual)", "label": "", "cluster": 0}, {"id": "1", "title": "Performance engineering in industry: current practices and adoption challenges", "label": "", "cluster": 1}, {"id": "2", "title": "Dude, You Can Do It! How to Build a Sweeet PC", "label": "", "cluster": 2}, {"id": "3", "title": "What Every Programmer Needs to Know about Security (Advances in Information Security)", "label": "", "cluster": 3}, {"id": "4", "title": "Interpreting Kullback-Leibler divergence with the Neyman-Pearson lemma", "label": "", "cluster": 4}, {"id": "5", "title": "Digital Media: Transformations in Human Communication", "label": "", "cluster": 5}, {"id": "6", "title": "TOPP---the OpenMS proteomics pipeline", "label": "", "cluster": 6}, {"id": "7", "title": "Type Graphics and MacIntosh", "label": "", "cluster": 7}, {"id": "8", "title": "Adaptive Hypermedia and Adaptive Web-Based Systems: 4th International Conference, AH 2006, Dublin, Ireland, June 21-23, 2006, Proceedings (Lecture Notes in Computer Science)", "label": "", "cluster": 8}, {"id": "9", "title": "Dependable Computing: Second Latin-American Symposium, LADC 2005, Salvador, Brazil, October 25-28, 2005, Proceedings (Lecture Notes in Computer Science)", "label": "", "cluster": 9}, {"id": "10", "title": "Calculus Early Transcendentals Single Variable", "label": "", "cluster": 10}, {"id": "11", "title": "Webbots, Spiders, and Screen Scrapers", "label": "", "cluster": 11}, {"id": "12", "title": "Fast k-NN Classification Rule Using Metrics on Space-Filling Curves", "label": "", "cluster": 12}, {"id": "13", "title": "Making the Digital City: The Early Shaping of Urban Internet Space (Design & the Built Environment S.)", "label": "", "cluster": 13}, {"id": "14", "title": "Linspire 5.0: The No Nonsense Guide! (No Nonsense Guide! series)", "label": "", "cluster": 14}, {"id": "15", "title": "Podcasting for Profit: A Proven 10-Step Plan for Generating Income Through Audio and Video Podcasting", "label": "", "cluster": 15}, {"id": "16", "title": "Approximating fluid schedules in crossbar packet-switches and Banyan networks", "label": "", "cluster": 16}, {"id": "17", "title": "Federated Identity Management And Web Services Security With IBM Tivoli Security Solutions", "label": "", "cluster": 17}, {"id": "18", "title": "Start with a Digital Camera (Special Edition) (2nd Edition) (Start with a)", "label": "", "cluster": 18}, {"id": "19", "title": "Open Process Frameworks: Patterns for the Adaptive e-Enterprise (Practitioners)", "label": "", "cluster": 19}, {"id": "20", "title": "Fast and Efficient Context-Aware Services (Wiley Series on Communications Networking & Distributed Systems)", "label": "", "cluster": 20}, {"id": "21", "title": "Multimedia Directory 1997", "label": "", "cluster": 21}, {"id": "22", "title": "ASIS&T Thesaurus of Information Science, Technology, And Librarianship (Asist Monograph Series)", "label": "", "cluster": 22}, {"id": "23", "title": "On product covering in 3-tier supply chain models: natural complete problems for W[3] and W[4]", "label": "", "cluster": 23}, {"id": "24", "title": "Inside SQL Server 2005 Tools (Microsoft Windows Server System Series)", "label": "", "cluster": 24}, {"id": "25", "title": "Electronic Engineer's Handbook (Core Handbook CD-ROMs)", "label": "", "cluster": 25}, {"id": "26", "title": "Call of Duty 2: Big Red One(tm) Official Strategy Guide (Official Strategy Guides)", "label": "", "cluster": 26}, {"id": "27", "title": "Inside Microsoft Dynamics AX 4.0", "label": "", "cluster": 27}, {"id": "28", "title": "Wiley Plus/Web CT Stand-alone to accompany Java Concepts (Wiley Plus Products)", "label": "", "cluster": 28}, {"id": "29", "title": "Modeling methodology b: distributed simulation and the high level architecture", "label": "", "cluster": 29}, {"id": "30", "title": "Beginning Ruby on Rails (Wrox Beginning Guides)", "label": "", "cluster": 30}, {"id": "31", "title": "Introduction to Information Systems", "label": "", "cluster": 31}, {"id": "32", "title": "SUSE Linux Enterprise Server Administration (Course 3037)", "label": "", "cluster": 32}, {"id": "33", "title": "Hyperstat: Macintosh Hypermedia for Analyzing Data and Learning Statistics", "label": "", "cluster": 33}, {"id": "34", "title": "An Integrative Modelling Approach for Simulation and Analysis of Adaptive Agents", "label": "", "cluster": 34}, {"id": "35", "title": "Notes from industry", "label": "", "cluster": 35}, {"id": "36", "title": "A New Quadtree Decomposition Reconstruction Method", "label": "", "cluster": 36}, {"id": "37", "title": "Computer Accounting with QuickBooks 2006", "label": "", "cluster": 37}, {"id": "38", "title": "Program Evaluation: Improving The Flow Of Information To The Congress", "label": "", "cluster": 38}, {"id": "39", "title": "Jocelyn Robert: Aucune de mes mains ne fait mal", "label": "", "cluster": 39}, {"id": "40", "title": "Microprogramming for the hardware engineer", "label": "", "cluster": 40}, {"id": "41", "title": "Special Edition Using Adobe Creative Suite 2 (Special Edition Using)", "label": "", "cluster": 41}, {"id": "42", "title": "At Ease With Performa", "label": "", "cluster": 42}, {"id": "43", "title": "Guia Visual de Microsoft Office 2000/ Microsoft Office 2000 Visual Guide (Guias Visuales)", "label": "", "cluster": 43}, {"id": "44", "title": "Microsoft Expression Web: Visual QuickStart Guide", "label": "", "cluster": 44}, {"id": "45", "title": "Fast Track: Linux Apache Web Server & Workstation Management", "label": "", "cluster": 45}, {"id": "46", "title": "TCP/IP Protocol Suite, 3 edition", "label": "", "cluster": 46}, {"id": "47", "title": "Conker's Bad Fur Day (Prima's Official Strategy Guide)", "label": "", "cluster": 47}, {"id": "48", "title": "A control word model for detecting conflicts between microoperations", "label": "", "cluster": 48}, {"id": "49", "title": "Exploring Macintosh Concepts in Visually Oriented Computing & Computing Concepts for End Users", "label": "", "cluster": 49}], "edges": []}