{"nodes": [{"id": "31336", "label": "Neural_Networks", "cluster": 2}, {"id": "1061127", "label": "Rule_Learning", "cluster": 137}, {"id": "1106406", "label": "Reinforcement_Learning", "cluster": 143}, {"id": "13195", "label": "Reinforcement_Learning", "cluster": 143}, {"id": "37879", "label": "Probabilistic_Methods", "cluster": 85}, {"id": "1126012", "label": "Probabilistic_Methods", "cluster": 78}, {"id": "1107140", "label": "Theory", "cluster": 78}, {"id": "1102850", "label": "Neural_Networks", "cluster": 2}, {"id": "31349", "label": "Neural_Networks", "cluster": 2}, {"id": "1106418", "label": "Theory", "cluster": 0}, {"id": "1123188", "label": "Neural_Networks", "cluster": 86}, {"id": "1128990", "label": "Genetic_Algorithms", "cluster": 1}, {"id": "109323", "label": "Probabilistic_Methods", "cluster": 109}, {"id": "217139", "label": "Case_Based", "cluster": 78}, {"id": "31353", "label": "Neural_Networks", "cluster": 2}, {"id": "32083", "label": "Neural_Networks", "cluster": 30}, {"id": "1126029", "label": "Reinforcement_Learning", "cluster": 143}, {"id": "1118017", "label": "Neural_Networks", "cluster": 85}, {"id": "49482", "label": "Neural_Networks", "cluster": 85}, {"id": "753265", "label": "Neural_Networks", "cluster": 109}, {"id": "249858", "label": "Theory", "cluster": 3}, {"id": "1113739", "label": "Reinforcement_Learning", "cluster": 137}, {"id": "48766", "label": "Genetic_Algorithms", "cluster": 47}, {"id": "646195", "label": "Probabilistic_Methods", "cluster": 10}, {"id": "1126050", "label": "Reinforcement_Learning", "cluster": 143}, {"id": "59626", "label": "Theory", "cluster": 3}, {"id": "340299", "label": "Neural_Networks", "cluster": 4}, {"id": "354004", "label": "Probabilistic_Methods", "cluster": 109}, {"id": "242637", "label": "Neural_Networks", "cluster": 5}, {"id": "1106492", "label": "Rule_Learning", "cluster": 137}, {"id": "74975", "label": "Case_Based", "cluster": 6}, {"id": "1152272", "label": "Neural_Networks", "cluster": 2}, {"id": "100701", "label": "Case_Based", "cluster": 7}, {"id": "66982", "label": "Neural_Networks", "cluster": 85}, {"id": "13960", "label": "Reinforcement_Learning", "cluster": 25}, {"id": "13966", "label": "Reinforcement_Learning", "cluster": 25}, {"id": "66990", "label": "Neural_Networks", "cluster": 80}, {"id": "182093", "label": "Reinforcement_Learning", "cluster": 8}, {"id": "182094", "label": "Genetic_Algorithms", "cluster": 47}, {"id": "13972", "label": "Reinforcement_Learning", "cluster": 143}, {"id": "13982", "label": "Theory", "cluster": 9}, {"id": "16819", "label": "Probabilistic_Methods", "cluster": 10}, {"id": "273152", "label": "Genetic_Algorithms", "cluster": 47}, {"id": "237521", "label": "Neural_Networks", "cluster": 11}, {"id": "1153703", "label": "Case_Based", "cluster": 30}, {"id": "32872", "label": "Reinforcement_Learning", "cluster": 78}, {"id": "284025", "label": "Neural_Networks", "cluster": 86}, {"id": "218666", "label": "Case_Based", "cluster": 12}, {"id": "16843", "label": "Probabilistic_Methods", "cluster": 13}, {"id": "1153724", "label": "Case_Based", "cluster": 14}, {"id": "1153728", "label": "Case_Based", "cluster": 15}, {"id": "158098", "label": "Probabilistic_Methods", "cluster": 16}, {"id": "8699", "label": "Theory", "cluster": 71}, {"id": "1134865", "label": "Genetic_Algorithms", "cluster": 17}, {"id": "28456", "label": "Theory", "cluster": 18}, {"id": "248425", "label": "Genetic_Algorithms", "cluster": 47}, {"id": "1112319", "label": "Theory", "cluster": 19}, {"id": "28471", "label": "Reinforcement_Learning", "cluster": 20}, {"id": "175548", "label": "Neural_Networks", "cluster": 21}, {"id": "696345", "label": "Neural_Networks", "cluster": 22}, {"id": "28485", "label": "Reinforcement_Learning", "cluster": 109}, {"id": "1139195", "label": "Case_Based", "cluster": 23}, {"id": "35778", "label": "Probabilistic_Methods", "cluster": 102}, {"id": "28491", "label": "Reinforcement_Learning", "cluster": 143}, {"id": "310530", "label": "Case_Based", "cluster": 6}, {"id": "1153784", "label": "Genetic_Algorithms", "cluster": 24}, {"id": "1481", "label": "Case_Based", "cluster": 25}, {"id": "1153786", "label": "Probabilistic_Methods", "cluster": 26}, {"id": "13212", "label": "Neural_Networks", "cluster": 27}, {"id": "1111614", "label": "Case_Based", "cluster": 25}, {"id": "5055", "label": "Theory", "cluster": 79}, {"id": "4329", "label": "Probabilistic_Methods", "cluster": 109}, {"id": "330148", "label": "Neural_Networks", "cluster": 137}, {"id": "1105062", "label": "Reinforcement_Learning", "cluster": 28}, {"id": "4330", "label": "Probabilistic_Methods", "cluster": 109}, {"id": "5062", "label": "Case_Based", "cluster": 25}, {"id": "4335", "label": "Probabilistic_Methods", "cluster": 109}, {"id": "158812", "label": "Neural_Networks", "cluster": 29}, {"id": "40124", "label": "Theory", "cluster": 30}, {"id": "1103610", "label": "Theory", "cluster": 137}, {"id": "688361", "label": "Neural_Networks", "cluster": 30}, {"id": "302545", "label": "Probabilistic_Methods", "cluster": 31}, {"id": "20534", "label": "Reinforcement_Learning", "cluster": 143}, {"id": "1031453", "label": "Neural_Networks", "cluster": 143}, {"id": "5086", "label": "Probabilistic_Methods", "cluster": 109}, {"id": "193742", "label": "Reinforcement_Learning", "cluster": 143}, {"id": "58268", "label": "Rule_Learning", "cluster": 77}, {"id": "424", "label": "Rule_Learning", "cluster": 12}, {"id": "40151", "label": "Theory", "cluster": 30}, {"id": "636098", "label": "Theory", "cluster": 71}, {"id": "260121", "label": "Neural_Networks", "cluster": 32}, {"id": "950052", "label": "Neural_Networks", "cluster": 33}, {"id": "434", "label": "Reinforcement_Learning", "cluster": 48}, {"id": "1131270", "label": "Probabilistic_Methods", "cluster": 34}, {"id": "1131274", "label": "Probabilistic_Methods", "cluster": 10}, {"id": "1131277", "label": "Probabilistic_Methods", "cluster": 49}, {"id": "1110947", "label": "Case_Based", "cluster": 137}, {"id": "662279", "label": "Neural_Networks", "cluster": 86}, {"id": "1139928", "label": "Theory", "cluster": 35}, {"id": "153063", "label": "Probabilistic_Methods", "cluster": 36}, {"id": "134199", "label": "Genetic_Algorithms", "cluster": 82}, {"id": "641956", "label": "Neural_Networks", "cluster": 104}, {"id": "20584", "label": "Neural_Networks", "cluster": 37}, {"id": "1130567", "label": "Reinforcement_Learning", "cluster": 143}, {"id": "171225", "label": "Neural_Networks", "cluster": 38}, {"id": "714879", "label": "Probabilistic_Methods", "cluster": 39}, {"id": "37998", "label": "Rule_Learning", "cluster": 40}, {"id": "50336", "label": "Probabilistic_Methods", "cluster": 85}, {"id": "50337", "label": "Probabilistic_Methods", "cluster": 85}, {"id": "15429", "label": "Theory", "cluster": 3}, {"id": "23448", "label": "Neural_Networks", "cluster": 41}, {"id": "1122574", "label": "Neural_Networks", "cluster": 29}, {"id": "1110998", "label": "Neural_Networks", "cluster": 42}, {"id": "853150", "label": "Neural_Networks", "cluster": 43}, {"id": "15431", "label": "Theory", "cluster": 3}, {"id": "646286", "label": "Probabilistic_Methods", "cluster": 10}, {"id": "1152307", "label": "Case_Based", "cluster": 30}, {"id": "1115291", "label": "Probabilistic_Methods", "cluster": 109}, {"id": "1106547", "label": "Reinforcement_Learning", "cluster": 143}, {"id": "68463", "label": "Rule_Learning", "cluster": 71}, {"id": "59715", "label": "Genetic_Algorithms", "cluster": 47}, {"id": "69198", "label": "Neural_Networks", "cluster": 44}, {"id": "7272", "label": "Neural_Networks", "cluster": 85}, {"id": "163235", "label": "Neural_Networks", "cluster": 45}, {"id": "7276", "label": "Neural_Networks", "cluster": 85}, {"id": "34315", "label": "Neural_Networks", "cluster": 30}, {"id": "644843", "label": "Probabilistic_Methods", "cluster": 10}, {"id": "7297", "label": "Neural_Networks", "cluster": 85}, {"id": "628815", "label": "Reinforcement_Learning", "cluster": 143}, {"id": "35061", "label": "Genetic_Algorithms", "cluster": 47}, {"id": "68495", "label": "Theory", "cluster": 3}, {"id": "1136310", "label": "Probabilistic_Methods", "cluster": 109}, {"id": "18313", "label": "Reinforcement_Learning", "cluster": 29}, {"id": "34355", "label": "Neural_Networks", "cluster": 30}, {"id": "45212", "label": "Neural_Networks", "cluster": 46}, {"id": "1153091", "label": "Rule_Learning", "cluster": 48}, {"id": "8703", "label": "Rule_Learning", "cluster": 48}, {"id": "126920", "label": "Probabilistic_Methods", "cluster": 10}, {"id": "126927", "label": "Probabilistic_Methods", "cluster": 10}, {"id": "595157", "label": "Genetic_Algorithms", "cluster": 47}, {"id": "140005", "label": "Theory", "cluster": 71}, {"id": "1117476", "label": "Genetic_Algorithms", "cluster": 47}, {"id": "59798", "label": "Neural_Networks", "cluster": 85}, {"id": "219446", "label": "Neural_Networks", "cluster": 29}, {"id": "44514", "label": "Neural_Networks", "cluster": 47}, {"id": "287787", "label": "Genetic_Algorithms", "cluster": 47}, {"id": "157401", "label": "Neural_Networks", "cluster": 85}, {"id": "1154500", "label": "Case_Based", "cluster": 48}, {"id": "682666", "label": "Reinforcement_Learning", "cluster": 143}, {"id": "399173", "label": "Case_Based", "cluster": 25}, {"id": "198866", "label": "Case_Based", "cluster": 15}, {"id": "51834", "label": "Theory", "cluster": 113}, {"id": "200630", "label": "Neural_Networks", "cluster": 30}, {"id": "782486", "label": "Neural_Networks", "cluster": 143}, {"id": "1136393", "label": "Neural_Networks", "cluster": 109}, {"id": "137849", "label": "Probabilistic_Methods", "cluster": 109}, {"id": "1153811", "label": "Rule_Learning", "cluster": 71}, {"id": "24966", "label": "Theory", "cluster": 30}, {"id": "11148", "label": "Rule_Learning", "cluster": 134}, {"id": "51866", "label": "Theory", "cluster": 48}, {"id": "24974", "label": "Neural_Networks", "cluster": 30}, {"id": "137868", "label": "Probabilistic_Methods", "cluster": 49}, {"id": "28542", "label": "Reinforcement_Learning", "cluster": 143}, {"id": "35", "label": "Genetic_Algorithms", "cluster": 47}, {"id": "116021", "label": "Theory", "cluster": 50}, {"id": "348305", "label": "Rule_Learning", "cluster": 134}, {"id": "10430", "label": "Case_Based", "cluster": 51}, {"id": "39403", "label": "Reinforcement_Learning", "cluster": 52}, {"id": "40", "label": "Genetic_Algorithms", "cluster": 148}, {"id": "282700", "label": "Neural_Networks", "cluster": 65}, {"id": "1105116", "label": "Probabilistic_Methods", "cluster": 85}, {"id": "35854", "label": "Theory", "cluster": 3}, {"id": "63477", "label": "Case_Based", "cluster": 71}, {"id": "124064", "label": "Reinforcement_Learning", "cluster": 143}, {"id": "1120431", "label": "Neural_Networks", "cluster": 47}, {"id": "949318", "label": "Neural_Networks", "cluster": 53}, {"id": "649944", "label": "Rule_Learning", "cluster": 54}, {"id": "63486", "label": "Theory", "cluster": 71}, {"id": "1153866", "label": "Rule_Learning", "cluster": 137}, {"id": "1140040", "label": "Neural_Networks", "cluster": 104}, {"id": "1112426", "label": "Neural_Networks", "cluster": 29}, {"id": "239800", "label": "Theory", "cluster": 109}, {"id": "1131314", "label": "Probabilistic_Methods", "cluster": 55}, {"id": "1153891", "label": "Case_Based", "cluster": 25}, {"id": "1129835", "label": "Rule_Learning", "cluster": 134}, {"id": "310653", "label": "Probabilistic_Methods", "cluster": 102}, {"id": "1130600", "label": "Reinforcement_Learning", "cluster": 143}, {"id": "1111733", "label": "Neural_Networks", "cluster": 56}, {"id": "210871", "label": "Genetic_Algorithms", "cluster": 47}, {"id": "210872", "label": "Genetic_Algorithms", "cluster": 47}, {"id": "1132083", "label": "Neural_Networks", "cluster": 57}, {"id": "132806", "label": "Genetic_Algorithms", "cluster": 47}, {"id": "12631", "label": "Neural_Networks", "cluster": 86}, {"id": "12638", "label": "Neural_Networks", "cluster": 86}, {"id": "38771", "label": "Neural_Networks", "cluster": 58}, {"id": "232605", "label": "Rule_Learning", "cluster": 59}, {"id": "232606", "label": "Rule_Learning", "cluster": 59}, {"id": "1107312", "label": "Reinforcement_Learning", "cluster": 143}, {"id": "1114605", "label": "Neural_Networks", "cluster": 60}, {"id": "68505", "label": "Theory", "cluster": 61}, {"id": "133553", "label": "Neural_Networks", "cluster": 62}, {"id": "144408", "label": "Neural_Networks", "cluster": 29}, {"id": "23502", "label": "Neural_Networks", "cluster": 137}, {"id": "1108050", "label": "Neural_Networks", "cluster": 112}, {"id": "23507", "label": "Neural_Networks", "cluster": 137}, {"id": "83826", "label": "Neural_Networks", "cluster": 85}, {"id": "133563", "label": "Neural_Networks", "cluster": 63}, {"id": "85299", "label": "Neural_Networks", "cluster": 64}, {"id": "49660", "label": "Theory", "cluster": 30}, {"id": "593060", "label": "Genetic_Algorithms", "cluster": 47}, {"id": "341188", "label": "Reinforcement_Learning", "cluster": 143}, {"id": "714975", "label": "Probabilistic_Methods", "cluster": 101}, {"id": "1115375", "label": "Neural_Networks", "cluster": 65}, {"id": "95435", "label": "Reinforcement_Learning", "cluster": 78}, {"id": "145176", "label": "Neural_Networks", "cluster": 30}, {"id": "1113934", "label": "Case_Based", "cluster": 25}, {"id": "1132809", "label": "Rule_Learning", "cluster": 59}, {"id": "22835", "label": "Neural_Networks", "cluster": 66}, {"id": "1153148", "label": "Probabilistic_Methods", "cluster": 137}, {"id": "41714", "label": "Genetic_Algorithms", "cluster": 47}, {"id": "1118245", "label": "Reinforcement_Learning", "cluster": 78}, {"id": "1152436", "label": "Case_Based", "cluster": 67}, {"id": "1153166", "label": "Case_Based", "cluster": 68}, {"id": "1153169", "label": "Rule_Learning", "cluster": 71}, {"id": "38000", "label": "Rule_Learning", "cluster": 69}, {"id": "1152448", "label": "Case_Based", "cluster": 30}, {"id": "1137140", "label": "Neural_Networks", "cluster": 70}, {"id": "30895", "label": "Theory", "cluster": 137}, {"id": "5966", "label": "Genetic_Algorithms", "cluster": 71}, {"id": "1136422", "label": "Neural_Networks", "cluster": 143}, {"id": "27174", "label": "Neural_Networks", "cluster": 85}, {"id": "1128407", "label": "Case_Based", "cluster": 6}, {"id": "1124844", "label": "Neural_Networks", "cluster": 2}, {"id": "1153195", "label": "Neural_Networks", "cluster": 72}, {"id": "1113995", "label": "Neural_Networks", "cluster": 30}, {"id": "1136442", "label": "Neural_Networks", "cluster": 73}, {"id": "8821", "label": "Case_Based", "cluster": 71}, {"id": "46079", "label": "Genetic_Algorithms", "cluster": 47}, {"id": "119761", "label": "Neural_Networks", "cluster": 86}, {"id": "1111052", "label": "Reinforcement_Learning", "cluster": 143}, {"id": "315789", "label": "Genetic_Algorithms", "cluster": 23}, {"id": "1108841", "label": "Neural_Networks", "cluster": 74}, {"id": "1135746", "label": "Theory", "cluster": 2}, {"id": "100935", "label": "Genetic_Algorithms", "cluster": 17}, {"id": "353541", "label": "Neural_Networks", "cluster": 48}, {"id": "60682", "label": "Case_Based", "cluster": 71}, {"id": "253762", "label": "Probabilistic_Methods", "cluster": 75}, {"id": "8872", "label": "Reinforcement_Learning", "cluster": 76}, {"id": "714260", "label": "Probabilistic_Methods", "cluster": 39}, {"id": "137956", "label": "Rule_Learning", "cluster": 77}, {"id": "35922", "label": "Probabilistic_Methods", "cluster": 85}, {"id": "2354", "label": "Theory", "cluster": 78}, {"id": "168410", "label": "Reinforcement_Learning", "cluster": 109}, {"id": "346292", "label": "Neural_Networks", "cluster": 30}, {"id": "1153933", "label": "Neural_Networks", "cluster": 30}, {"id": "1119751", "label": "Theory", "cluster": 79}, {"id": "17798", "label": "Case_Based", "cluster": 71}, {"id": "400356", "label": "Neural_Networks", "cluster": 80}, {"id": "10531", "label": "Neural_Networks", "cluster": 2}, {"id": "1110390", "label": "Case_Based", "cluster": 71}, {"id": "714289", "label": "Probabilistic_Methods", "cluster": 39}, {"id": "733167", "label": "Neural_Networks", "cluster": 109}, {"id": "81714", "label": "Case_Based", "cluster": 47}, {"id": "428610", "label": "Neural_Networks", "cluster": 109}, {"id": "552469", "label": "Theory", "cluster": 81}, {"id": "164885", "label": "Genetic_Algorithms", "cluster": 82}, {"id": "81722", "label": "Case_Based", "cluster": 47}, {"id": "111866", "label": "Theory", "cluster": 3}, {"id": "194617", "label": "Neural_Networks", "cluster": 2}, {"id": "93318", "label": "Neural_Networks", "cluster": 143}, {"id": "134307", "label": "Probabilistic_Methods", "cluster": 144}, {"id": "203646", "label": "Neural_Networks", "cluster": 83}, {"id": "367312", "label": "Neural_Networks", "cluster": 84}, {"id": "650814", "label": "Genetic_Algorithms", "cluster": 47}, {"id": "93320", "label": "Reinforcement_Learning", "cluster": 137}, {"id": "134315", "label": "Probabilistic_Methods", "cluster": 144}, {"id": "134316", "label": "Probabilistic_Methods", "cluster": 144}, {"id": "976334", "label": "Reinforcement_Learning", "cluster": 143}, {"id": "1095507", "label": "Probabilistic_Methods", "cluster": 102}, {"id": "134320", "label": "Probabilistic_Methods", "cluster": 144}, {"id": "662416", "label": "Probabilistic_Methods", "cluster": 86}, {"id": "194645", "label": "Reinforcement_Learning", "cluster": 143}, {"id": "1131421", "label": "Neural_Networks", "cluster": 87}, {"id": "161221", "label": "Neural_Networks", "cluster": 88}, {"id": "38839", "label": "Case_Based", "cluster": 6}, {"id": "38846", "label": "Case_Based", "cluster": 6}, {"id": "133615", "label": "Rule_Learning", "cluster": 137}, {"id": "1112574", "label": "Theory", "cluster": 89}, {"id": "521207", "label": "Case_Based", "cluster": 25}, {"id": "3828", "label": "Case_Based", "cluster": 6}, {"id": "593105", "label": "Genetic_Algorithms", "cluster": 47}, {"id": "390693", "label": "Neural_Networks", "cluster": 90}, {"id": "642847", "label": "Probabilistic_Methods", "cluster": 91}, {"id": "1122704", "label": "Neural_Networks", "cluster": 92}, {"id": "4584", "label": "Reinforcement_Learning", "cluster": 143}, {"id": "7419", "label": "Reinforcement_Learning", "cluster": 143}, {"id": "30901", "label": "Theory", "cluster": 137}, {"id": "1115456", "label": "Neural_Networks", "cluster": 93}, {"id": "7432", "label": "Reinforcement_Learning", "cluster": 143}, {"id": "573553", "label": "Theory", "cluster": 94}, {"id": "1022969", "label": "Case_Based", "cluster": 95}, {"id": "143801", "label": "Neural_Networks", "cluster": 86}, {"id": "612306", "label": "Rule_Learning", "cluster": 134}, {"id": "417017", "label": "Case_Based", "cluster": 137}, {"id": "396412", "label": "Neural_Networks", "cluster": 85}, {"id": "1107455", "label": "Reinforcement_Learning", "cluster": 143}, {"id": "91975", "label": "Reinforcement_Learning", "cluster": 20}, {"id": "180187", "label": "Rule_Learning", "cluster": 96}, {"id": "27203", "label": "Theory", "cluster": 0}, {"id": "1152508", "label": "Genetic_Algorithms", "cluster": 47}, {"id": "69392", "label": "Neural_Networks", "cluster": 109}, {"id": "1118332", "label": "Neural_Networks", "cluster": 85}, {"id": "189577", "label": "Probabilistic_Methods", "cluster": 85}, {"id": "1114777", "label": "Case_Based", "cluster": 97}, {"id": "75969", "label": "Rule_Learning", "cluster": 71}, {"id": "1132922", "label": "Neural_Networks", "cluster": 98}, {"id": "1153254", "label": "Rule_Learning", "cluster": 137}, {"id": "1117618", "label": "Theory", "cluster": 99}, {"id": "6767", "label": "Case_Based", "cluster": 137}, {"id": "27241", "label": "Theory", "cluster": 137}, {"id": "27246", "label": "Neural_Networks", "cluster": 71}, {"id": "95589", "label": "Reinforcement_Learning", "cluster": 100}, {"id": "6771", "label": "Theory", "cluster": 30}, {"id": "86840", "label": "Theory", "cluster": 71}, {"id": "108962", "label": "Probabilistic_Methods", "cluster": 102}, {"id": "6786", "label": "Probabilistic_Methods", "cluster": 101}, {"id": "108963", "label": "Probabilistic_Methods", "cluster": 102}, {"id": "108974", "label": "Probabilistic_Methods", "cluster": 102}, {"id": "1117653", "label": "Neural_Networks", "cluster": 103}, {"id": "1152569", "label": "Genetic_Algorithms", "cluster": 47}, {"id": "1132968", "label": "Neural_Networks", "cluster": 112}, {"id": "370366", "label": "Neural_Networks", "cluster": 104}, {"id": "108983", "label": "Probabilistic_Methods", "cluster": 102}, {"id": "399339", "label": "Reinforcement_Learning", "cluster": 143}, {"id": "64319", "label": "Theory", "cluster": 3}, {"id": "1110426", "label": "Rule_Learning", "cluster": 137}, {"id": "1102407", "label": "Neural_Networks", "cluster": 105}, {"id": "1127812", "label": "Neural_Networks", "cluster": 29}, {"id": "1128542", "label": "Neural_Networks", "cluster": 106}, {"id": "65057", "label": "Probabilistic_Methods", "cluster": 144}, {"id": "159084", "label": "Neural_Networks", "cluster": 107}, {"id": "159085", "label": "Neural_Networks", "cluster": 107}, {"id": "65074", "label": "Probabilistic_Methods", "cluster": 144}, {"id": "33895", "label": "Genetic_Algorithms", "cluster": 108}, {"id": "2440", "label": "Rule_Learning", "cluster": 137}, {"id": "1717", "label": "Probabilistic_Methods", "cluster": 109}, {"id": "249421", "label": "Neural_Networks", "cluster": 29}, {"id": "3187", "label": "Probabilistic_Methods", "cluster": 109}, {"id": "591016", "label": "Rule_Learning", "cluster": 137}, {"id": "1110494", "label": "Neural_Networks", "cluster": 110}, {"id": "29492", "label": "Neural_Networks", "cluster": 29}, {"id": "400473", "label": "Neural_Networks", "cluster": 29}, {"id": "644334", "label": "Probabilistic_Methods", "cluster": 10}, {"id": "949511", "label": "Neural_Networks", "cluster": 85}, {"id": "205192", "label": "Neural_Networks", "cluster": 112}, {"id": "763009", "label": "Neural_Networks", "cluster": 111}, {"id": "169280", "label": "Neural_Networks", "cluster": 57}, {"id": "1120643", "label": "Genetic_Algorithms", "cluster": 17}, {"id": "645088", "label": "Probabilistic_Methods", "cluster": 49}, {"id": "5348", "label": "Neural_Networks", "cluster": 112}, {"id": "124296", "label": "Neural_Networks", "cluster": 113}, {"id": "1121398", "label": "Genetic_Algorithms", "cluster": 47}, {"id": "950305", "label": "Neural_Networks", "cluster": 114}, {"id": "567018", "label": "Neural_Networks", "cluster": 29}, {"id": "52000", "label": "Neural_Networks", "cluster": 115}, {"id": "52003", "label": "Neural_Networks", "cluster": 115}, {"id": "52007", "label": "Neural_Networks", "cluster": 115}, {"id": "58540", "label": "Reinforcement_Learning", "cluster": 143}, {"id": "436796", "label": "Neural_Networks", "cluster": 116}, {"id": "948846", "label": "Neural_Networks", "cluster": 117}, {"id": "8213", "label": "Reinforcement_Learning", "cluster": 118}, {"id": "671293", "label": "Probabilistic_Methods", "cluster": 30}, {"id": "1131550", "label": "Genetic_Algorithms", "cluster": 47}, {"id": "899119", "label": "Rule_Learning", "cluster": 77}, {"id": "1105394", "label": "Reinforcement_Learning", "cluster": 119}, {"id": "85452", "label": "Theory", "cluster": 120}, {"id": "1112686", "label": "Probabilistic_Methods", "cluster": 121}, {"id": "69418", "label": "Neural_Networks", "cluster": 109}, {"id": "8224", "label": "Theory", "cluster": 137}, {"id": "145315", "label": "Rule_Learning", "cluster": 54}, {"id": "575077", "label": "Genetic_Algorithms", "cluster": 47}, {"id": "20850", "label": "Theory", "cluster": 71}, {"id": "44017", "label": "Theory", "cluster": 137}, {"id": "1135125", "label": "Neural_Networks", "cluster": 12}, {"id": "286562", "label": "Neural_Networks", "cluster": 2}, {"id": "1123553", "label": "Reinforcement_Learning", "cluster": 122}, {"id": "1135137", "label": "Neural_Networks", "cluster": 123}, {"id": "325314", "label": "Neural_Networks", "cluster": 92}, {"id": "662572", "label": "Neural_Networks", "cluster": 86}, {"id": "159897", "label": "Probabilistic_Methods", "cluster": 102}, {"id": "1130856", "label": "Genetic_Algorithms", "cluster": 47}, {"id": "96335", "label": "Neural_Networks", "cluster": 85}, {"id": "755082", "label": "Probabilistic_Methods", "cluster": 109}, {"id": "1123576", "label": "Neural_Networks", "cluster": 30}, {"id": "1103979", "label": "Neural_Networks", "cluster": 30}, {"id": "593260", "label": "Genetic_Algorithms", "cluster": 47}, {"id": "601567", "label": "Rule_Learning", "cluster": 137}, {"id": "1119140", "label": "Neural_Networks", "cluster": 124}, {"id": "189655", "label": "Probabilistic_Methods", "cluster": 39}, {"id": "31769", "label": "Neural_Networks", "cluster": 30}, {"id": "1107567", "label": "Theory", "cluster": 2}, {"id": "88356", "label": "Probabilistic_Methods", "cluster": 125}, {"id": "1033", "label": "Genetic_Algorithms", "cluster": 47}, {"id": "1034", "label": "Genetic_Algorithms", "cluster": 47}, {"id": "1106849", "label": "Neural_Networks", "cluster": 37}, {"id": "16470", "label": "Neural_Networks", "cluster": 126}, {"id": "35343", "label": "Neural_Networks", "cluster": 85}, {"id": "16471", "label": "Neural_Networks", "cluster": 127}, {"id": "1154074", "label": "Neural_Networks", "cluster": 128}, {"id": "16476", "label": "Neural_Networks", "cluster": 129}, {"id": "23774", "label": "Reinforcement_Learning", "cluster": 143}, {"id": "16485", "label": "Neural_Networks", "cluster": 130}, {"id": "136665", "label": "Reinforcement_Learning", "cluster": 131}, {"id": "94953", "label": "Neural_Networks", "cluster": 132}, {"id": "9708", "label": "Case_Based", "cluster": 143}, {"id": "38205", "label": "Genetic_Algorithms", "cluster": 47}, {"id": "645897", "label": "Probabilistic_Methods", "cluster": 10}, {"id": "216877", "label": "Rule_Learning", "cluster": 99}, {"id": "18619", "label": "Theory", "cluster": 48}, {"id": "559804", "label": "Probabilistic_Methods", "cluster": 39}, {"id": "6898", "label": "Neural_Networks", "cluster": 86}, {"id": "166420", "label": "Theory", "cluster": 79}, {"id": "787016", "label": "Genetic_Algorithms", "cluster": 47}, {"id": "73146", "label": "Probabilistic_Methods", "cluster": 102}, {"id": "1136634", "label": "Theory", "cluster": 133}, {"id": "1111230", "label": "Reinforcement_Learning", "cluster": 143}, {"id": "3218", "label": "Rule_Learning", "cluster": 137}, {"id": "3229", "label": "Neural_Networks", "cluster": 85}, {"id": "193347", "label": "Rule_Learning", "cluster": 134}, {"id": "84020", "label": "Probabilistic_Methods", "cluster": 137}, {"id": "3231", "label": "Theory", "cluster": 71}, {"id": "52847", "label": "Theory", "cluster": 71}, {"id": "193352", "label": "Rule_Learning", "cluster": 134}, {"id": "193354", "label": "Rule_Learning", "cluster": 134}, {"id": "1110531", "label": "Case_Based", "cluster": 135}, {"id": "686532", "label": "Neural_Networks", "cluster": 2}, {"id": "711598", "label": "Theory", "cluster": 136}, {"id": "1063773", "label": "Neural_Networks", "cluster": 2}, {"id": "3243", "label": "Theory", "cluster": 137}, {"id": "78994", "label": "Neural_Networks", "cluster": 86}, {"id": "181782", "label": "Reinforcement_Learning", "cluster": 143}, {"id": "284414", "label": "Case_Based", "cluster": 93}, {"id": "114189", "label": "Probabilistic_Methods", "cluster": 125}, {"id": "686559", "label": "Neural_Networks", "cluster": 2}, {"id": "253971", "label": "Neural_Networks", "cluster": 47}, {"id": "1106103", "label": "Case_Based", "cluster": 137}, {"id": "1114125", "label": "Reinforcement_Learning", "cluster": 138}, {"id": "75318", "label": "Neural_Networks", "cluster": 139}, {"id": "45599", "label": "Genetic_Algorithms", "cluster": 47}, {"id": "97892", "label": "Case_Based", "cluster": 48}, {"id": "446271", "label": "Probabilistic_Methods", "cluster": 140}, {"id": "1106112", "label": "Reinforcement_Learning", "cluster": 141}, {"id": "280876", "label": "Probabilistic_Methods", "cluster": 109}, {"id": "12182", "label": "Theory", "cluster": 0}, {"id": "175909", "label": "Case_Based", "cluster": 25}, {"id": "64484", "label": "Reinforcement_Learning", "cluster": 119}, {"id": "6125", "label": "Theory", "cluster": 3}, {"id": "1120713", "label": "Case_Based", "cluster": 51}, {"id": "1114153", "label": "Neural_Networks", "cluster": 142}, {"id": "12197", "label": "Theory", "cluster": 3}, {"id": "248823", "label": "Reinforcement_Learning", "cluster": 143}, {"id": "919885", "label": "Neural_Networks", "cluster": 85}, {"id": "94229", "label": "Neural_Networks", "cluster": 56}, {"id": "1120731", "label": "Reinforcement_Learning", "cluster": 143}, {"id": "23069", "label": "Probabilistic_Methods", "cluster": 144}, {"id": "6151", "label": "Reinforcement_Learning", "cluster": 143}, {"id": "6155", "label": "Reinforcement_Learning", "cluster": 143}, {"id": "23070", "label": "Probabilistic_Methods", "cluster": 144}, {"id": "644448", "label": "Probabilistic_Methods", "cluster": 55}, {"id": "1112723", "label": "Neural_Networks", "cluster": 30}, {"id": "31097", "label": "Case_Based", "cluster": 137}, {"id": "6169", "label": "Reinforcement_Learning", "cluster": 143}, {"id": "1106172", "label": "Reinforcement_Learning", "cluster": 145}, {"id": "6170", "label": "Reinforcement_Learning", "cluster": 146}, {"id": "211875", "label": "Neural_Networks", "cluster": 147}, {"id": "1109017", "label": "Genetic_Algorithms", "cluster": 148}, {"id": "5454", "label": "Neural_Networks", "cluster": 149}, {"id": "6184", "label": "Reinforcement_Learning", "cluster": 143}, {"id": "10796", "label": "Case_Based", "cluster": 137}, {"id": "10798", "label": "Case_Based", "cluster": 48}, {"id": "1120777", "label": "Neural_Networks", "cluster": 80}, {"id": "86258", "label": "Theory", "cluster": 0}, {"id": "154134", "label": "Case_Based", "cluster": 78}, {"id": "6196", "label": "Reinforcement_Learning", "cluster": 143}, {"id": "20920", "label": "Probabilistic_Methods", "cluster": 150}, {"id": "20923", "label": "Probabilistic_Methods", "cluster": 151}, {"id": "22386", "label": "Case_Based", "cluster": 6}, {"id": "1131639", "label": "Neural_Networks", "cluster": 90}, {"id": "77515", "label": "Theory", "cluster": 3}, {"id": "93555", "label": "Neural_Networks", "cluster": 86}, {"id": "17201", "label": "Reinforcement_Learning", "cluster": 78}, {"id": "644494", "label": "Probabilistic_Methods", "cluster": 55}, {"id": "17208", "label": "Reinforcement_Learning", "cluster": 78}, {"id": "1125082", "label": "Genetic_Algorithms", "cluster": 85}, {"id": "1131647", "label": "Neural_Networks", "cluster": 85}, {"id": "74698", "label": "Probabilistic_Methods", "cluster": 144}, {"id": "13652", "label": "Neural_Networks", "cluster": 152}, {"id": "20942", "label": "Theory", "cluster": 137}, {"id": "390894", "label": "Probabilistic_Methods", "cluster": 85}, {"id": "390896", "label": "Probabilistic_Methods", "cluster": 85}], "edges": [{"source": "35", "target": "1033"}, {"source": "35", "target": "1117476"}, {"source": "35", "target": "1120431"}, {"source": "35", "target": "1130856"}, {"source": "35", "target": "1152508"}, {"source": "35", "target": "132806"}, {"source": "35", "target": "210871"}, {"source": "35", "target": "248425"}, {"source": "35", "target": "249421"}, {"source": "35", "target": "273152"}, {"source": "35", "target": "287787"}, {"source": "35", "target": "35061"}, {"source": "35", "target": "38205"}, {"source": "35", "target": "41714"}, {"source": "35", "target": "45599"}, {"source": "35", "target": "46079"}, {"source": "35", "target": "48766"}, {"source": "35", "target": "575077"}, {"source": "35", "target": "593105"}, {"source": "35", "target": "593260"}, {"source": "35", "target": "787016"}, {"source": "35", "target": "81722"}, {"source": "40", "target": "1109017"}, {"source": "424", "target": "1135125"}, {"source": "424", "target": "218666"}, {"source": "1033", "target": "1034"}, {"source": "1481", "target": "1111614"}, {"source": "1481", "target": "1113934"}, {"source": "1481", "target": "1153891"}, {"source": "1481", "target": "13960"}, {"source": "1481", "target": "399173"}, {"source": "1481", "target": "521207"}, {"source": "1717", "target": "1115291"}, {"source": "1717", "target": "733167"}, {"source": "2354", "target": "1107140"}, {"source": "2354", "target": "154134"}, {"source": "2354", "target": "40151"}, {"source": "2440", "target": "1061127"}, {"source": "2440", "target": "1110426"}, {"source": "2440", "target": "1153254"}, {"source": "2440", "target": "591016"}, {"source": "3187", "target": "280876"}, {"source": "3187", "target": "5086"}, {"source": "3218", "target": "1106492"}, {"source": "3218", "target": "1110426"}, {"source": "3218", "target": "417017"}, {"source": "3218", "target": "6767"}, {"source": "3229", "target": "1125082"}, {"source": "3229", "target": "1131647"}, {"source": "3229", "target": "157401"}, {"source": "3229", "target": "189577"}, {"source": "3229", "target": "23502"}, {"source": "3229", "target": "27174"}, {"source": "3229", "target": "31769"}, {"source": "3229", "target": "35343"}, {"source": "3229", "target": "35922"}, {"source": "3229", "target": "396412"}, {"source": "3229", "target": "49482"}, {"source": "3229", "target": "83826"}, {"source": "3229", "target": "919885"}, {"source": "3229", "target": "949511"}, {"source": "3229", "target": "96335"}, {"source": "3231", "target": "1153169"}, {"source": "3231", "target": "20850"}, {"source": "3231", "target": "49660"}, {"source": "3231", "target": "63477"}, {"source": "3231", "target": "63486"}, {"source": "3231", "target": "636098"}, {"source": "3231", "target": "68463"}, {"source": "3231", "target": "8699"}, {"source": "3231", "target": "8821"}, {"source": "3243", "target": "1103610"}, {"source": "3243", "target": "1110947"}, {"source": "3243", "target": "1113739"}, {"source": "3243", "target": "30895"}, {"source": "3243", "target": "30901"}, {"source": "3243", "target": "96335"}, {"source": "3828", "target": "310530"}, {"source": "4330", "target": "1136393"}, {"source": "4330", "target": "168410"}, {"source": "4330", "target": "1717"}, {"source": "4330", "target": "428610"}, {"source": "4330", "target": "4329"}, {"source": "4330", "target": "69392"}, {"source": "4330", "target": "69418"}, {"source": "4330", "target": "753265"}, {"source": "4335", "target": "1136310"}, {"source": "4335", "target": "1717"}, {"source": "4335", "target": "239800"}, {"source": "4335", "target": "35922"}, {"source": "4335", "target": "755082"}, {"source": "4584", "target": "1031453"}, {"source": "4584", "target": "1113739"}, {"source": "4584", "target": "1130567"}, {"source": "4584", "target": "1130600"}, {"source": "4584", "target": "124064"}, {"source": "4584", "target": "132806"}, {"source": "4584", "target": "168410"}, {"source": "4584", "target": "193742"}, {"source": "4584", "target": "6151"}, {"source": "4584", "target": "6155"}, {"source": "4584", "target": "6184"}, {"source": "4584", "target": "6196"}, {"source": "4584", "target": "628815"}, {"source": "4584", "target": "782486"}, {"source": "4584", "target": "976334"}, {"source": "5055", "target": "1119751"}, {"source": "5062", "target": "521207"}, {"source": "5086", "target": "109323"}, {"source": "5086", "target": "137849"}, {"source": "5086", "target": "3187"}, {"source": "5086", "target": "354004"}, {"source": "5348", "target": "1108050"}, {"source": "5348", "target": "1132968"}, {"source": "5966", "target": "1110390"}, {"source": "5966", "target": "68463"}, {"source": "5966", "target": "86840"}, {"source": "5966", "target": "8699"}, {"source": "6151", "target": "1106547"}, {"source": "6151", "target": "1130567"}, {"source": "6151", "target": "193742"}, {"source": "6151", "target": "6155"}, {"source": "6155", "target": "1126029"}, {"source": "6169", "target": "1106406"}, {"source": "6169", "target": "1130567"}, {"source": "6169", "target": "7419"}, {"source": "6184", "target": "1120731"}, {"source": "6184", "target": "1136422"}, {"source": "6184", "target": "3229"}, {"source": "6184", "target": "399339"}, {"source": "6196", "target": "1120731"}, {"source": "6196", "target": "58540"}, {"source": "6196", "target": "976334"}, {"source": "6767", "target": "1106103"}, {"source": "6786", "target": "714975"}, {"source": "6898", "target": "1123188"}, {"source": "6898", "target": "12631"}, {"source": "6898", "target": "78994"}, {"source": "7272", "target": "7276"}, {"source": "7272", "target": "7297"}, {"source": "7297", "target": "7276"}, {"source": "7419", "target": "1107312"}, {"source": "7419", "target": "1118245"}, {"source": "7419", "target": "341188"}, {"source": "8224", "target": "1110426"}, {"source": "8224", "target": "1153148"}, {"source": "8224", "target": "1153866"}, {"source": "8224", "target": "133615"}, {"source": "8224", "target": "30895"}, {"source": "8224", "target": "601567"}, {"source": "8703", "target": "353541"}, {"source": "8703", "target": "434"}, {"source": "8703", "target": "51866"}, {"source": "8821", "target": "1153811"}, {"source": "9708", "target": "181782"}, {"source": "10430", "target": "1120713"}, {"source": "10531", "target": "1102850"}, {"source": "10531", "target": "1107567"}, {"source": "10531", "target": "194617"}, {"source": "10531", "target": "31336"}, {"source": "10531", "target": "31349"}, {"source": "10531", "target": "31353"}, {"source": "10531", "target": "686532"}, {"source": "10796", "target": "1110947"}, {"source": "10796", "target": "1113934"}, {"source": "10796", "target": "1153148"}, {"source": "10796", "target": "20942"}, {"source": "10796", "target": "30895"}, {"source": "10796", "target": "31097"}, {"source": "10796", "target": "417017"}, {"source": "10796", "target": "601567"}, {"source": "10796", "target": "8699"}, {"source": "10796", "target": "93320"}, {"source": "10798", "target": "10796"}, {"source": "10798", "target": "1154500"}, {"source": "10798", "target": "18619"}, {"source": "10798", "target": "434"}, {"source": "10798", "target": "8703"}, {"source": "10798", "target": "97892"}, {"source": "11148", "target": "1129835"}, {"source": "11148", "target": "193354"}, {"source": "12182", "target": "1106418"}, {"source": "12197", "target": "111866"}, {"source": "12197", "target": "68495"}, {"source": "12631", "target": "1123188"}, {"source": "12631", "target": "12638"}, {"source": "12631", "target": "662416"}, {"source": "12631", "target": "6898"}, {"source": "12631", "target": "78994"}, {"source": "12638", "target": "1123188"}, {"source": "12638", "target": "119761"}, {"source": "12638", "target": "4330"}, {"source": "12638", "target": "662416"}, {"source": "12638", "target": "6898"}, {"source": "13195", "target": "1107312"}, {"source": "13195", "target": "1120731"}, {"source": "13966", "target": "13960"}, {"source": "13972", "target": "1126050"}, {"source": "13972", "target": "20534"}, {"source": "15429", "target": "12197"}, {"source": "15429", "target": "35854"}, {"source": "15429", "target": "77515"}, {"source": "15431", "target": "35854"}, {"source": "16819", "target": "1131274"}, {"source": "16819", "target": "644334"}, {"source": "16819", "target": "646195"}, {"source": "16819", "target": "646286"}, {"source": "17201", "target": "1107140"}, {"source": "17201", "target": "1118245"}, {"source": "17201", "target": "1126012"}, {"source": "17201", "target": "17208"}, {"source": "17201", "target": "32872"}, {"source": "17201", "target": "95435"}, {"source": "17208", "target": "32872"}, {"source": "17208", "target": "95435"}, {"source": "17798", "target": "3231"}, {"source": "18313", "target": "249421"}, {"source": "18619", "target": "1153091"}, {"source": "20534", "target": "1107455"}, {"source": "20534", "target": "1111052"}, {"source": "20534", "target": "23774"}, {"source": "20534", "target": "7419"}, {"source": "20584", "target": "1106849"}, {"source": "22386", "target": "1128407"}, {"source": "22386", "target": "310530"}, {"source": "22386", "target": "38839"}, {"source": "22386", "target": "38846"}, {"source": "23069", "target": "23070"}, {"source": "23070", "target": "134307"}, {"source": "23070", "target": "134316"}, {"source": "23070", "target": "74698"}, {"source": "23502", "target": "23507"}, {"source": "23507", "target": "23502"}, {"source": "23507", "target": "93320"}, {"source": "23774", "target": "1106406"}, {"source": "23774", "target": "1107455"}, {"source": "23774", "target": "7432"}, {"source": "24966", "target": "1123576"}, {"source": "24966", "target": "145176"}, {"source": "24966", "target": "239800"}, {"source": "24966", "target": "40124"}, {"source": "24966", "target": "671293"}, {"source": "24974", "target": "1112723"}, {"source": "24974", "target": "34315"}, {"source": "24974", "target": "6771"}, {"source": "27174", "target": "35343"}, {"source": "27174", "target": "96335"}, {"source": "27203", "target": "1106418"}, {"source": "27241", "target": "1106492"}, {"source": "27246", "target": "1110390"}, {"source": "28471", "target": "91975"}, {"source": "28485", "target": "168410"}, {"source": "28491", "target": "341188"}, {"source": "28491", "target": "782486"}, {"source": "28542", "target": "124064"}, {"source": "29492", "target": "1112426"}, {"source": "29492", "target": "1122574"}, {"source": "29492", "target": "144408"}, {"source": "29492", "target": "3229"}, {"source": "29492", "target": "400473"}, {"source": "30895", "target": "30901"}, {"source": "31336", "target": "31349"}, {"source": "31336", "target": "686532"}, {"source": "31349", "target": "686532"}, {"source": "31353", "target": "10531"}, {"source": "31353", "target": "1063773"}, {"source": "31353", "target": "1107567"}, {"source": "31353", "target": "1123576"}, {"source": "31353", "target": "1124844"}, {"source": "31353", "target": "1135746"}, {"source": "31353", "target": "1152272"}, {"source": "31353", "target": "194617"}, {"source": "31353", "target": "286562"}, {"source": "31353", "target": "31336"}, {"source": "31353", "target": "31349"}, {"source": "31353", "target": "686532"}, {"source": "31353", "target": "686559"}, {"source": "32083", "target": "1113995"}, {"source": "32083", "target": "1153933"}, {"source": "32083", "target": "200630"}, {"source": "32083", "target": "31769"}, {"source": "32083", "target": "346292"}, {"source": "32083", "target": "35061"}, {"source": "32083", "target": "6771"}, {"source": "32083", "target": "688361"}, {"source": "32872", "target": "1118245"}, {"source": "34315", "target": "1103979"}, {"source": "34355", "target": "1103979"}, {"source": "35061", "target": "210871"}, {"source": "35061", "target": "48766"}, {"source": "35343", "target": "1118332"}, {"source": "35778", "target": "108962"}, {"source": "35778", "target": "108983"}, {"source": "35778", "target": "73146"}, {"source": "35922", "target": "1105116"}, {"source": "35922", "target": "1152272"}, {"source": "35922", "target": "390894"}, {"source": "35922", "target": "390896"}, {"source": "35922", "target": "396412"}, {"source": "35922", "target": "50336"}, {"source": "35922", "target": "50337"}, {"source": "35922", "target": "66982"}, {"source": "37879", "target": "1105116"}, {"source": "38205", "target": "593060"}, {"source": "38839", "target": "310530"}, {"source": "38846", "target": "1128407"}, {"source": "40124", "target": "1112723"}, {"source": "40151", "target": "1152307"}, {"source": "40151", "target": "1152448"}, {"source": "40151", "target": "1153703"}, {"source": "40151", "target": "49660"}, {"source": "40151", "target": "671293"}, {"source": "41714", "target": "1033"}, {"source": "41714", "target": "182094"}, {"source": "44017", "target": "1106492"}, {"source": "44514", "target": "210871"}, {"source": "44514", "target": "253971"}, {"source": "46079", "target": "1152569"}, {"source": "49482", "target": "7297"}, {"source": "50336", "target": "35922"}, {"source": "50336", "target": "390894"}, {"source": "50336", "target": "50337"}, {"source": "50337", "target": "390894"}, {"source": "50337", "target": "396412"}, {"source": "52000", "target": "52007"}, {"source": "52003", "target": "52000"}, {"source": "52847", "target": "1153811"}, {"source": "58268", "target": "137956"}, {"source": "58268", "target": "899119"}, {"source": "58540", "target": "181782"}, {"source": "59626", "target": "249858"}, {"source": "59626", "target": "6125"}, {"source": "59798", "target": "27174"}, {"source": "59798", "target": "30895"}, {"source": "59798", "target": "96335"}, {"source": "60682", "target": "63477"}, {"source": "64319", "target": "111866"}, {"source": "64319", "target": "249858"}, {"source": "64484", "target": "1105394"}, {"source": "65057", "target": "134307"}, {"source": "65057", "target": "74698"}, {"source": "65074", "target": "134307"}, {"source": "65074", "target": "134316"}, {"source": "65074", "target": "23070"}, {"source": "65074", "target": "65057"}, {"source": "65074", "target": "74698"}, {"source": "73146", "target": "35778"}, {"source": "74698", "target": "134307"}, {"source": "74698", "target": "23070"}, {"source": "74975", "target": "1128407"}, {"source": "74975", "target": "38846"}, {"source": "75969", "target": "1153811"}, {"source": "78994", "target": "662279"}, {"source": "78994", "target": "662572"}, {"source": "81714", "target": "81722"}, {"source": "84020", "target": "1106492"}, {"source": "86258", "target": "1106418"}, {"source": "93318", "target": "1126050"}, {"source": "93555", "target": "119761"}, {"source": "93555", "target": "143801"}, {"source": "93555", "target": "284025"}, {"source": "94229", "target": "1111733"}, {"source": "100935", "target": "1120643"}, {"source": "100935", "target": "1134865"}, {"source": "108962", "target": "108963"}, {"source": "108962", "target": "1095507"}, {"source": "108962", "target": "159897"}, {"source": "108962", "target": "310653"}, {"source": "108963", "target": "108962"}, {"source": "108963", "target": "1095507"}, {"source": "108974", "target": "108962"}, {"source": "108974", "target": "108963"}, {"source": "108983", "target": "108962"}, {"source": "108983", "target": "159897"}, {"source": "108983", "target": "310653"}, {"source": "109323", "target": "137849"}, {"source": "111866", "target": "249858"}, {"source": "114189", "target": "88356"}, {"source": "119761", "target": "143801"}, {"source": "119761", "target": "284025"}, {"source": "124296", "target": "51834"}, {"source": "126920", "target": "126927"}, {"source": "126920", "target": "645897"}, {"source": "126927", "target": "126920"}, {"source": "126927", "target": "645897"}, {"source": "126927", "target": "646286"}, {"source": "132806", "target": "45599"}, {"source": "132806", "target": "48766"}, {"source": "132806", "target": "593260"}, {"source": "133615", "target": "1153866"}, {"source": "134199", "target": "164885"}, {"source": "134307", "target": "134316"}, {"source": "134315", "target": "23069"}, {"source": "134320", "target": "23069"}, {"source": "137849", "target": "1115291"}, {"source": "137868", "target": "1131277"}, {"source": "140005", "target": "86840"}, {"source": "143801", "target": "284025"}, {"source": "144408", "target": "219446"}, {"source": "144408", "target": "3229"}, {"source": "145176", "target": "1112723"}, {"source": "145176", "target": "40124"}, {"source": "145315", "target": "649944"}, {"source": "157401", "target": "1118017"}, {"source": "158812", "target": "1127812"}, {"source": "159084", "target": "159085"}, {"source": "159897", "target": "310653"}, {"source": "166420", "target": "1119751"}, {"source": "169280", "target": "1132083"}, {"source": "175909", "target": "1153891"}, {"source": "182094", "target": "1131550"}, {"source": "182094", "target": "650814"}, {"source": "189655", "target": "559804"}, {"source": "189655", "target": "714260"}, {"source": "193347", "target": "1129835"}, {"source": "193347", "target": "193354"}, {"source": "193347", "target": "612306"}, {"source": "193352", "target": "1129835"}, {"source": "193352", "target": "193347"}, {"source": "193352", "target": "193354"}, {"source": "193352", "target": "612306"}, {"source": "193354", "target": "1129835"}, {"source": "193742", "target": "1111230"}, {"source": "194617", "target": "1124844"}, {"source": "194645", "target": "248823"}, {"source": "198866", "target": "1153728"}, {"source": "205192", "target": "1132968"}, {"source": "210871", "target": "1117476"}, {"source": "210871", "target": "273152"}, {"source": "210871", "target": "35"}, {"source": "210871", "target": "38205"}, {"source": "210871", "target": "575077"}, {"source": "210871", "target": "595157"}, {"source": "210871", "target": "59715"}, {"source": "210871", "target": "81714"}, {"source": "210872", "target": "210871"}, {"source": "210872", "target": "273152"}, {"source": "210872", "target": "35"}, {"source": "210872", "target": "593260"}, {"source": "216877", "target": "1117618"}, {"source": "217139", "target": "154134"}, {"source": "219446", "target": "1112426"}, {"source": "219446", "target": "1127812"}, {"source": "219446", "target": "249421"}, {"source": "219446", "target": "567018"}, {"source": "232606", "target": "1132809"}, {"source": "232606", "target": "232605"}, {"source": "248425", "target": "1121398"}, {"source": "248823", "target": "682666"}, {"source": "249421", "target": "1127812"}, {"source": "249421", "target": "567018"}, {"source": "249858", "target": "111866"}, {"source": "273152", "target": "210871"}, {"source": "280876", "target": "1115291"}, {"source": "282700", "target": "1115375"}, {"source": "284025", "target": "119761"}, {"source": "284414", "target": "1115456"}, {"source": "287787", "target": "1130856"}, {"source": "310530", "target": "38839"}, {"source": "310653", "target": "159897"}, {"source": "315789", "target": "1139195"}, {"source": "325314", "target": "1122704"}, {"source": "330148", "target": "23502"}, {"source": "341188", "target": "682666"}, {"source": "348305", "target": "193352"}, {"source": "370366", "target": "1140040"}, {"source": "370366", "target": "641956"}, {"source": "390693", "target": "1131639"}, {"source": "399339", "target": "1120731"}, {"source": "400356", "target": "1120777"}, {"source": "400356", "target": "66990"}, {"source": "559804", "target": "714289"}, {"source": "567018", "target": "1127812"}, {"source": "612306", "target": "193347"}, {"source": "628815", "target": "1130567"}, {"source": "644448", "target": "1131314"}, {"source": "644448", "target": "644494"}, {"source": "644494", "target": "1131314"}, {"source": "644843", "target": "1131274"}, {"source": "645088", "target": "1131277"}, {"source": "645897", "target": "126927"}, {"source": "650814", "target": "1131550"}, {"source": "662416", "target": "1123188"}, {"source": "714260", "target": "559804"}, {"source": "714260", "target": "714879"}, {"source": "714289", "target": "559804"}, {"source": "755082", "target": "1136393"}]}