{"nodes": [{"id": "100333", "title": "Editor's note", "label": "", "cluster": 31}, {"id": "100909", "title": "Center for the study of reading: BBN branch", "label": "", "cluster": 31}, {"id": "100935", "title": "CodeCrawler: an information visualization tool for program comprehension", "label": "", "cluster": 31}, {"id": "101269", "title": "Construction of the tests of combinational circuit failures by analyzing the orthogonal disjunctive normal forms represented by the alternative graphs", "label": "", "cluster": 0}, {"id": "1019", "title": "Rapid and brief communication: Proposing new methods in low-level vision from the Mach band illusion in retrospect", "label": "", "cluster": 31}, {"id": "101923", "title": "Special Issue on \"High Altitude Platform (HAP) Systems: Technologies and Applications\"", "label": "", "cluster": 28}, {"id": "102180", "title": "Getting Started with Adobe Photoshop Elements (Digital Quick Guides series)", "label": "", "cluster": 31}, {"id": "103460", "title": "Beyond Bandwidth: Dimensions of Connection in Interpersonal Communication", "label": "", "cluster": 31}, {"id": "103783", "title": "A symbolic operator approach to several summation formulas for power series", "label": "", "cluster": 21}, {"id": "103938", "title": "Generic personality and emotion simulation for conversational agents: Research Articles", "label": "", "cluster": 31}, {"id": "104100", "title": "AES Power Attack Based on Induced Cache Miss and Countermeasure", "label": "", "cluster": 31}, {"id": "104236", "title": "Properties, Feasibility and Usefulness of a Language for Programming Programs", "label": "", "cluster": 31}, {"id": "104447", "title": "On the block-structured distance to non-surjectivity of sublinear mappings", "label": "", "cluster": 31}, {"id": "104616", "title": "Comments on \"Cleaning up ALGOL60\"", "label": "", "cluster": 31}, {"id": "105796", "title": "Genealogy database for Butler Area Public Library", "label": "", "cluster": 31}, {"id": "105955", "title": "Typical problems for stiff differential equations", "label": "", "cluster": 31}, {"id": "106019", "title": "Exploring the use of structured musical stimuli to communicate simple diagrams: the role of context", "label": "", "cluster": 31}, {"id": "106213", "title": "Web Services and Service-Oriented Architectures", "label": "", "cluster": 31}, {"id": "106227", "title": "Communication Models for Algorithm Design in Networked Sensor Systems", "label": "", "cluster": 4}, {"id": "106348", "title": "Database in web environment", "label": "", "cluster": 31}, {"id": "107006", "title": "IPDPS 2005 Organization", "label": "", "cluster": 31}, {"id": "107614", "title": "Novel Object Recognition Based on Hypothesis Generation and Verification", "label": "", "cluster": 31}, {"id": "107727", "title": "Information search: the intersection of visual and semantic space", "label": "", "cluster": 31}, {"id": "108417", "title": "On using flexure-hinge five-bar linkages to develop novel walking mechanisms and small-scale grippers for microrobots", "label": "", "cluster": 31}, {"id": "108422", "title": "Representing linear algebra algorithms in code: the FLAME application program interfaces", "label": "", "cluster": 31}, {"id": "108615", "title": "Towards an Efficient and Scalable Discontinuous Galerkin Atmospheric Model", "label": "", "cluster": 31}, {"id": "108830", "title": "2002 ACM Java Grande&ndash;ISCOPE Conference Part II", "label": "", "cluster": 31}, {"id": "11005", "title": "Recent abstracts", "label": "", "cluster": 31}, {"id": "111714", "title": "P_3-Connected Graphs of Minimum Size", "label": "", "cluster": 31}, {"id": "112896", "title": "Determining the Expected Load of Dynamic Tree Embeddings in Hypercubes", "label": "", "cluster": 31}, {"id": "113635", "title": "The Midway Distributed Shared Memory System", "label": "", "cluster": 31}, {"id": "114379", "title": "Display Condensation of Program Text", "label": "", "cluster": 1}, {"id": "114510", "title": "Improvements in Parallel Job Scheduling Using Gang Service", "label": "", "cluster": 2}, {"id": "115896", "title": "On the Limitations of Bubble Functions", "label": "", "cluster": 31}, {"id": "116437", "title": "Some constructions of superimposed codes in Euclidean spaces", "label": "", "cluster": 31}, {"id": "120215", "title": "Co-Chairs: Bharath Rajagopalan, Texas Instruments Hirokazu Yonezawa, Matsushita Electronics Corporation, Japan", "label": "", "cluster": 31}, {"id": "122593", "title": "Formal and informal environments for the learning and teaching of computer programming", "label": "", "cluster": 9}, {"id": "12274", "title": "Lotus Domino 6 for Linux (Ibm Redbooks)", "label": "", "cluster": 31}, {"id": "122938", "title": "Ciw Internetworking Professional Study Guide, 1 edition", "label": "", "cluster": 31}, {"id": "122977", "title": "Interclass Testing of Object Oriented Software", "label": "", "cluster": 31}, {"id": "123632", "title": "Visual Basic .Net Programming", "label": "", "cluster": 31}, {"id": "124659", "title": "Network Design and Network Cut Dualities: Approximation Algorithms and Applications", "label": "", "cluster": 34}, {"id": "124688", "title": "Concepts and Notations for Concurrent Programming", "label": "", "cluster": 31}, {"id": "129434", "title": "A Coalitional Game Model for Heat Diffusion Based Incentive Routing and Forwarding Scheme", "label": "", "cluster": 31}, {"id": "129659", "title": "An investigation of purpose built netbooks for primary school education", "label": "", "cluster": 31}, {"id": "130540", "title": "Formal Modeling and Verification of Safety-Critical Software", "label": "", "cluster": 3}, {"id": "132401", "title": "Legal metadata interchange framework to match CEN metalex", "label": "", "cluster": 31}, {"id": "134493", "title": "Challenges for Assistive Technology: AAATE 2007, Volume 20 Assistive Technology Research Series", "label": "", "cluster": 20}, {"id": "135266", "title": "Generalized hypertree decompositions: NP-hardness and tractable variants", "label": "", "cluster": 31}, {"id": "135590", "title": "Compatible quadrangulation by sketching", "label": "", "cluster": 31}, {"id": "135672", "title": "Differences in beliefs and attitudes about computer science among students and faculty of the bachelor program", "label": "", "cluster": 31}, {"id": "135761", "title": "Lightpath reconfiguration with traffic priority consideration", "label": "", "cluster": 31}, {"id": "137941", "title": "Modular Verification of Recursive Programs", "label": "", "cluster": 31}, {"id": "138371", "title": "An information technology department in a disadvantaged municipality in Mexico: need and feasibility", "label": "", "cluster": 31}, {"id": "138990", "title": "97 Things Every Software Architect Should Know, 1st edition", "label": "", "cluster": 31}, {"id": "139018", "title": "Uncertainties in adversarial patrol", "label": "", "cluster": 31}, {"id": "139624", "title": "Building emotion lexicon from weblog corpora", "label": "", "cluster": 31}, {"id": "140598", "title": "An efficient algorithm for building a distributional thesaurus (and other Sketch Engine developments)", "label": "", "cluster": 31}, {"id": "14087", "title": "Introductory tutorials: simulation output analysis", "label": "", "cluster": 31}, {"id": "141011", "title": "Agent Systems in Electronic Business", "label": "", "cluster": 31}, {"id": "141364", "title": "Methodologies for advance warning of compute cluster problems via statistical analysis: a case study", "label": "", "cluster": 31}, {"id": "142301", "title": "Can We Escape the Trough of Disillusionment?", "label": "", "cluster": 31}, {"id": "142636", "title": "Virtual craniofacial reconstruction using computer vision, graph theory and geometric constraints", "label": "", "cluster": 31}, {"id": "142677", "title": "CrystalBall: predicting and preventing inconsistencies in deployed distributed systems", "label": "", "cluster": 31}, {"id": "14337", "title": "Color Management: A Comprehensive Guide for Graphic Designers", "label": "", "cluster": 31}, {"id": "14600", "title": "Residential Design Using Revit Building 8", "label": "", "cluster": 31}, {"id": "1761", "title": "An Introduction to Cryptography, Second Edition (Discrete Mathematics and Its Applications)", "label": "", "cluster": 19}, {"id": "17856", "title": "A temporal argumentative system", "label": "", "cluster": 31}, {"id": "18513", "title": "Copyright Infringement and Protection in the Internet Age", "label": "", "cluster": 31}, {"id": "190016", "title": "Rapidly converging algorithms for adaptive equalization", "label": "", "cluster": 31}, {"id": "19648", "title": "Dynamic subchannel and slot allocation for OFDMA networks supporting mixed traffic: upper bound and a heuristic algorithm", "label": "", "cluster": 31}, {"id": "20282", "title": "Augmented Reality Visualisation of the Built Environment To Support Design Decision Making", "label": "", "cluster": 31}, {"id": "211015", "title": "Estimate of the a posteriori probabilities of objects belonging to classes in the case of a voting procedure", "label": "", "cluster": 31}, {"id": "211324", "title": "Relevance feedback and inference networks", "label": "", "cluster": 31}, {"id": "211385", "title": "On the total heights of random rooted binary trees", "label": "", "cluster": 31}, {"id": "212237", "title": "Multi-functional neural networks for system identification", "label": "", "cluster": 31}, {"id": "21269", "title": "Occlusion in mirror-based co-located augmented reality systems", "label": "", "cluster": 31}, {"id": "213123", "title": "Liouvillian and algebraic solutions of second and third order linear differential equations", "label": "", "cluster": 31}, {"id": "214168", "title": "High assurance discretionary access control for object bases", "label": "", "cluster": 4}, {"id": "214293", "title": "Expectations of security and privacy", "label": "", "cluster": 0}, {"id": "214900", "title": "Speed-accuracy trade-off and item recognition: a reply to Gronlund and Ratcliff", "label": "", "cluster": 31}, {"id": "216312", "title": "SONETT: a social workers telecommunication network", "label": "", "cluster": 31}, {"id": "216541", "title": "FDDI systems testing", "label": "", "cluster": 31}, {"id": "21888", "title": "Enabling distributed throughput maximization in wireless mesh networks: a partitioning approach", "label": "", "cluster": 31}, {"id": "220971", "title": "Parallel algorithms for NP-complete problems", "label": "", "cluster": 31}, {"id": "222112", "title": "Corrections to Ram's synthesis approach for relational database design", "label": "", "cluster": 31}, {"id": "222838", "title": "Are you ready for the desktop of the future?", "label": "", "cluster": 7}, {"id": "223039", "title": "Concurrent replicating garbage collection", "label": "", "cluster": 31}, {"id": "223071", "title": "Interactive exploration tools", "label": "", "cluster": 12}, {"id": "223190", "title": "On &lgr;-covers of pairs by quintuples: v odd", "label": "", "cluster": 5}, {"id": "22346", "title": "Graph-based consistency checking in spatial information systems", "label": "", "cluster": 6}, {"id": "224173", "title": "Postbuckling analysis of plates on an elastic foundation by the boundary element method", "label": "", "cluster": 31}, {"id": "224981", "title": "Producing a bibliographic database through scanning and OCR: the Online Contents Project in the Royal Library of the Netherlands", "label": "", "cluster": 31}, {"id": "225905", "title": "Spectral value sets: a graphical tool for robustness analysis", "label": "", "cluster": 7}, {"id": "227702", "title": "Two-dimensional rectangle packing: on-line methods and results", "label": "", "cluster": 31}, {"id": "227724", "title": "A metric time-point and duration-based temporal model", "label": "", "cluster": 31}, {"id": "227895", "title": "Knots, tangles, and electrical networks", "label": "", "cluster": 7}, {"id": "22817", "title": "Operating systems, architectures, and networks", "label": "", "cluster": 31}, {"id": "22856", "title": "Research of Web-based Negotiation Support System in Collaborative Commerce", "label": "", "cluster": 31}, {"id": "228725", "title": "On interpolating multivariate rational splines", "label": "", "cluster": 31}, {"id": "228748", "title": "Massively parallel computing and information capitalism", "label": "", "cluster": 31}, {"id": "231864", "title": "Conceptual-to-internal mappings in commercial database systems", "label": "", "cluster": 1}, {"id": "231973", "title": "Logic and Computer Design Fundamentals with Cdrom, 2nd edition", "label": "", "cluster": 31}, {"id": "232154", "title": "Co-Operative Process Management: Cognition and Information Technology", "label": "", "cluster": 31}, {"id": "232465", "title": "Learn HTML in a Weekend with Cdrom", "label": "", "cluster": 31}, {"id": "232817", "title": "Book reviews: Topics in finite and discrete mathematics by Ross, Sheldon M.", "label": "", "cluster": 31}, {"id": "232828", "title": "Computer animation of the sphere eversion", "label": "", "cluster": 31}, {"id": "233255", "title": "Statistics with Mathematica with Cdrom, 1st edition", "label": "", "cluster": 31}, {"id": "234158", "title": "Data Structures and Efficient Algorithms: Final Report on the DFG Special Joint Initiative", "label": "", "cluster": 31}, {"id": "234198", "title": "Administering SAP R/3: The Production and Planning Module", "label": "", "cluster": 31}, {"id": "235432", "title": "New Perspectives on Microsoft Word 2000: Comprehensive, 1st edition", "label": "", "cluster": 31}, {"id": "235759", "title": "Microsoft SQL Server 2000 System Administration with Cdrom and Book", "label": "", "cluster": 31}, {"id": "236252", "title": "Ariadne: a secure on-demand routing protocol for ad hoc networks", "label": "", "cluster": 31}, {"id": "236844", "title": "Early evaluation techniques for low power binding", "label": "", "cluster": 12}, {"id": "237031", "title": "The Random Projection Method for Stiff Detonation Capturing", "label": "", "cluster": 31}, {"id": "23718", "title": "What makes a good programmer?", "label": "", "cluster": 31}, {"id": "240509", "title": "MCSE Windows 2000 Server Study Guide with Cdrom", "label": "", "cluster": 31}, {"id": "240756", "title": "Multitasking information seeking and searching processes", "label": "", "cluster": 31}, {"id": "241400", "title": "Inside MicroStation, 6th edition", "label": "", "cluster": 31}, {"id": "241942", "title": "A Decomposition Method for Positive Semidefinite Matrices and Its Application to Recursive Parameter Estimation", "label": "", "cluster": 31}, {"id": "242318", "title": "Storage management in APL machines", "label": "", "cluster": 24}, {"id": "242410", "title": "Wireless sensor networks for habitat monitoring", "label": "", "cluster": 8}, {"id": "242610", "title": "QoS evaluation of 3G-324M mobile videophones over WCDMA networks", "label": "", "cluster": 31}, {"id": "242907", "title": "Sams Teach Yourself COBOL in 21 Days, 3rd edition", "label": "", "cluster": 9}, {"id": "242970", "title": "Advances in Image Analysis", "label": "", "cluster": 12}, {"id": "243863", "title": "Martin Mlecko: Private Life", "label": "", "cluster": 31}, {"id": "244925", "title": "Review of Web-based assessment tools", "label": "", "cluster": 31}, {"id": "244938", "title": "HyperStudio 3.1 3.0 in 1 Hour: Windows, 1st edition", "label": "", "cluster": 21}, {"id": "245113", "title": "Interactive 3D visualization of vector data in GIS", "label": "", "cluster": 31}, {"id": "245462", "title": "Computer Systems for Process Control", "label": "", "cluster": 11}, {"id": "246168", "title": "FME '93 - Industrial-Strength Formula Methods: Proceedings of the First International Symposium of Formal Methods Europe, Odense, Denmark, April 19-23, 1993", "label": "", "cluster": 24}, {"id": "246323", "title": "HyperInquiry: surfing below the surface of the Web", "label": "", "cluster": 31}, {"id": "247272", "title": "3d Modeling in AutoCAD: Creating and Using 3d Models in AutoCAD 2000 with Cdrom", "label": "", "cluster": 31}, {"id": "247661", "title": "An Introduction to Neural and Electronic Networks, 2nd edition", "label": "", "cluster": 31}, {"id": "248183", "title": "High performance computing through parallel processing", "label": "", "cluster": 31}, {"id": "249115", "title": "Simulation Validation: A Confidence Assessment Methodology", "label": "", "cluster": 31}, {"id": "249219", "title": "Preparing for Information Systems accreditation", "label": "", "cluster": 31}, {"id": "249273", "title": "Microsoft Access 2002, 1st edition", "label": "", "cluster": 31}, {"id": "249433", "title": "Relay Feedback: Analysis, Identification, and Control", "label": "", "cluster": 31}, {"id": "251153", "title": "Professional WAP", "label": "", "cluster": 31}, {"id": "25159", "title": "Visual Data Mining of Application Services Data", "label": "", "cluster": 31}, {"id": "251607", "title": "Computation of Lagrange multipliers for linear least squares problems with equality constraints", "label": "", "cluster": 31}, {"id": "251760", "title": "Dreamweaver Ultradev 4: A Beginner's Guide", "label": "", "cluster": 10}, {"id": "252208", "title": "The Zeros of Special Functions from a Fixed Point Method", "label": "", "cluster": 31}, {"id": "252832", "title": "DBASE IV for VMS and UNIX; A Technical Support Approach, 1st edition", "label": "", "cluster": 31}, {"id": "254087", "title": "The development of a dynamic interactive computer graphics research and educational support environment", "label": "", "cluster": 31}, {"id": "255007", "title": "Second-order schemes for a boundary value problem with Neumann's boundary conditions", "label": "", "cluster": 11}, {"id": "26445", "title": "Indoor Localization Using Camera Phones", "label": "", "cluster": 31}, {"id": "265888", "title": "Virtual World Objects for Real-Time Cooperative Design", "label": "", "cluster": 31}, {"id": "266779", "title": "Integrating Human Factors into Use Cases and Object-Oriented Methods", "label": "", "cluster": 31}, {"id": "26712", "title": "A Locally Group Key Management with Revocation and Self-healing Capability for Sensor Networks", "label": "", "cluster": 31}, {"id": "27228", "title": "Chirp-Based Image Watermarking as Error-Control Coding", "label": "", "cluster": 31}, {"id": "279228", "title": "CAPP and its integration with tolerance charts for machining of aircraft components", "label": "", "cluster": 31}, {"id": "279337", "title": "Integrating visual modeling of agent-based and object-oriented systems", "label": "", "cluster": 31}, {"id": "279693", "title": "Planar G1 Hermite interpolation with spirals", "label": "", "cluster": 31}, {"id": "27984", "title": "A context-aware mobile service discovery and selection mechanism using artificial neural networks", "label": "", "cluster": 31}, {"id": "280082", "title": "Going it alone and the law", "label": "", "cluster": 31}, {"id": "280314", "title": "Complexity: metaphors, models, and reality", "label": "", "cluster": 31}, {"id": "280379", "title": "A numerical study of insect flight", "label": "", "cluster": 12}, {"id": "280578", "title": "The CAM-Brain Machine (CBM): Real Time Evolution andUpdate of a 75 Million Neuron FPGA-Based Artificial Brain", "label": "", "cluster": 31}, {"id": "280695", "title": "Donor-funded information technology transfer projects: evaluating the life-cycle approach in four Chinese science and technology projects", "label": "", "cluster": 13}, {"id": "280723", "title": "Evaluation of predicated array data-flow analysis for automatic parallelization", "label": "", "cluster": 14}, {"id": "280812", "title": "A collaborative strategy for developing shared Java teaching resources to support first year programming", "label": "", "cluster": 20}, {"id": "281234", "title": "Convergence aspects of adaptive clustering in variable aggregation", "label": "", "cluster": 15}, {"id": "281327", "title": "The Fractional Wave Packet Transform", "label": "", "cluster": 31}, {"id": "281371", "title": "Designing information for users", "label": "", "cluster": 31}, {"id": "281388", "title": "Models for Audiovisual Fusion in a Noisy-Vowel Recognition Task", "label": "", "cluster": 31}, {"id": "281407", "title": "A randomized algorithm for two servers on the line", "label": "", "cluster": 31}, {"id": "282092", "title": "Composition, cartesian and direct products of fuzzy multivalued mappings", "label": "", "cluster": 31}, {"id": "282282", "title": "Point set labeling with specified positions", "label": "", "cluster": 26}, {"id": "282824", "title": "Optimization of disjunctive queries", "label": "", "cluster": 31}, {"id": "283491", "title": "Binary De Bruijn cycles under different equivalence relations", "label": "", "cluster": 31}, {"id": "283510", "title": "A tutoring based approach to the development of intelligent agents", "label": "", "cluster": 31}, {"id": "284631", "title": "Variable-precision reaching definitions analysis", "label": "", "cluster": 31}, {"id": "284827", "title": "Design and implementation of RMP: a virtual electronic market place", "label": "", "cluster": 10}, {"id": "285339", "title": "A binomial identity related to Calkin's", "label": "", "cluster": 31}, {"id": "285625", "title": "Doing business in the information marketplace: a case study", "label": "", "cluster": 31}, {"id": "285637", "title": "A study of the effect of ultraviolet (UV) and vacuum ultraviolet (VUV) photons on the minority carrier lifetime of single crystal silicon processed by rapid thermal and rapid photothermal processing", "label": "", "cluster": 31}, {"id": "285828", "title": "Is SC + ILP = RC?", "label": "", "cluster": 3}, {"id": "286091", "title": "Electronic commerce at the dawn of the third millennium", "label": "", "cluster": 29}, {"id": "286232", "title": "The design of low-voltage, low-power sigma-delta modulators", "label": "", "cluster": 31}, {"id": "286940", "title": "New results on induced matchings", "label": "", "cluster": 35}, {"id": "286968", "title": "Machine organization of the IBM RISC System/6000 Processor", "label": "", "cluster": 31}, {"id": "287971", "title": "The MPEG-4 Multimedia Coding Standard: Algorithms, Architectures and Applications", "label": "", "cluster": 15}, {"id": "287979", "title": "A finite difference method for dispersive linear waves with applications to simulating microwave pulses in water", "label": "", "cluster": 31}, {"id": "288009", "title": "Musical information retrieval using melodic surface", "label": "", "cluster": 31}, {"id": "288217", "title": "Multiresolution schemes for the reactive Euler equations", "label": "", "cluster": 31}, {"id": "288417", "title": "Manufacturing lot-sizing under MRP II environment: an improved analytical model a heuristic procedure", "label": "", "cluster": 26}, {"id": "288544", "title": "An architecture for a secure service discovery service", "label": "", "cluster": 31}, {"id": "288664", "title": "Hardware implementations of digital fuzzy logic controllers", "label": "", "cluster": 31}, {"id": "288686", "title": "An overview of derivative estimation", "label": "", "cluster": 31}, {"id": "28912", "title": "Body-based haptic interaction model for touch-enabled virtual environments", "label": "", "cluster": 31}, {"id": "289260", "title": "Secure computation with honest-looking parties (extended abstract): what if nobody is truly honest?", "label": "", "cluster": 31}, {"id": "289484", "title": "Orthogonal polynomials with respect to varying weights", "label": "", "cluster": 31}, {"id": "289518", "title": "A mathematical model of axon guidance by diffusible factors", "label": "", "cluster": 31}, {"id": "289820", "title": "On the sum-max bicriterion path problem", "label": "", "cluster": 31}, {"id": "289994", "title": "Editorial: the challenge of situated cognition for symbolic knowledge-based systems", "label": "", "cluster": 31}, {"id": "290184", "title": "A novel FEM-based dynamic framework for subdivision surfaces", "label": "", "cluster": 31}, {"id": "290229", "title": "An efficient filter-based approach for combinational verification", "label": "", "cluster": 31}, {"id": "290267", "title": "Visualizing geometric algorithms over the Web", "label": "", "cluster": 0}, {"id": "290498", "title": "Viewpoint: Why we must fight UCITA", "label": "", "cluster": 31}, {"id": "290719", "title": "Drifting games", "label": "", "cluster": 14}, {"id": "291213", "title": "Biprimitive Graphs of Smallest Order", "label": "", "cluster": 31}, {"id": "291375", "title": "Stability properties for a compactly supported prescale function", "label": "", "cluster": 16}, {"id": "291460", "title": "Programming cellular automata algorithms on parallel computers", "label": "", "cluster": 31}, {"id": "291472", "title": "For unknown secrecies refusal is better than lying", "label": "", "cluster": 32}, {"id": "291563", "title": "A new localized channel sharing scheme for cellular networks", "label": "", "cluster": 31}, {"id": "291618", "title": "Radio transceiver circuits in silicon Germanium", "label": "", "cluster": 31}, {"id": "292142", "title": "Maximizing reusability: seeking appropriate positions for derived classes within the class hierarchy", "label": "", "cluster": 31}, {"id": "292187", "title": "Unsupervised on-line learning of decision trees for hierarchical data analysis", "label": "", "cluster": 31}, {"id": "292302", "title": "Towards better software projects and contracts: commitment specifications in software development projects", "label": "", "cluster": 15}, {"id": "292324", "title": "Baseball seasons and dog years", "label": "", "cluster": 31}, {"id": "292412", "title": "Scheduling groups of unit length jobs on two identical parallel machines", "label": "", "cluster": 31}, {"id": "292804", "title": "Parallel instance discrete-event simulation using a vector uniprocessor", "label": "", "cluster": 31}, {"id": "293456", "title": "Nonoscillatory Central Schemes for Multidimensional Hyperbolic Conservation Laws", "label": "", "cluster": 31}, {"id": "293668", "title": "Sub-Poissonian electronic and photonic noise generation in semiconductor junctions", "label": "", "cluster": 17}, {"id": "293717", "title": "The marketplace of high-performance computing", "label": "", "cluster": 31}, {"id": "293895", "title": "HPS, a new microachitecture: introduction and rationale", "label": "", "cluster": 31}, {"id": "294156", "title": "AXD 301: a new generation ATM switching system", "label": "", "cluster": 31}, {"id": "294493", "title": "An efficient parallel version of the householder-QL matrix diagonalisation algorithm", "label": "", "cluster": 18}, {"id": "294746", "title": "An evaluation of the effect of computer pointing devices on wrist position, preference, and performance", "label": "", "cluster": 31}, {"id": "294846", "title": "Self-paced training 2000 (poster session): options, options, options", "label": "", "cluster": 31}, {"id": "295045", "title": "Clock", "label": "", "cluster": 31}, {"id": "295093", "title": "Why study science and technology in society?", "label": "", "cluster": 31}, {"id": "295398", "title": "Calculating encoding and decoding functions for prefix codes", "label": "", "cluster": 31}, {"id": "29543", "title": "Answer Clustering and Fusion in a User-Interactive QA System", "label": "", "cluster": 31}, {"id": "295695", "title": "Modeling industrial embedded systems with UML", "label": "", "cluster": 31}, {"id": "296158", "title": "Cyberbrowsing: information customization on the Web", "label": "", "cluster": 31}, {"id": "296267", "title": "(C, 1) means of orthonormal expansions for exponential weights", "label": "", "cluster": 31}, {"id": "297004", "title": "A new breakaway mailbox designed using nonlinear finite element analysis", "label": "", "cluster": 31}, {"id": "297244", "title": "Constructing 4-valent 12 -transitive graphs with a nonsolvable automorphism group", "label": "", "cluster": 31}, {"id": "297304", "title": "Cell-based multicast grouping in large-scale virtual environments (poster session) (extended abstract)", "label": "", "cluster": 18}, {"id": "297424", "title": "Construction of problem-solving methods as a parametric design", "label": "", "cluster": 31}, {"id": "297482", "title": "VLSI layout and packaging of butterfly networks", "label": "", "cluster": 31}, {"id": "297669", "title": "Detecting teleseismic events using artificial neural networks", "label": "", "cluster": 31}, {"id": "297772", "title": "An Internet-based newspaper filtering and personalization system (demonstration abstract)", "label": "", "cluster": 31}, {"id": "297910", "title": "Intelligent information retrieval: diagnosing information need. Part II. Uncertainty expansion in a prototype of a diagnostic IR tool", "label": "", "cluster": 31}, {"id": "298383", "title": "Towards neuro-linguistic modeling: constraints for optimization of membership functions", "label": "", "cluster": 31}, {"id": "298465", "title": "A recurrent model of transformation invariance by association", "label": "", "cluster": 19}, {"id": "298698", "title": "Speeding the vector search algorithm for regional color channel features based indexing and retrieval systems", "label": "", "cluster": 31}, {"id": "298776", "title": "Cleanroom software engineering: technology and process", "label": "", "cluster": 31}, {"id": "298922", "title": "Nilaya", "label": "", "cluster": 16}, {"id": "299168", "title": "Qualitative behaviour of solutions of unilateral elliptic problems with perturbing the unknown boundary: I. The theory", "label": "", "cluster": 31}, {"id": "299629", "title": "Designing PETS: a personal electronic teller of stories", "label": "", "cluster": 31}, {"id": "29967", "title": "Engineering girls gone wild: developing an engineering identity in digital zoo", "label": "", "cluster": 7}, {"id": "299687", "title": "An algorithm for ordering subgoals in NAIL?", "label": "", "cluster": 31}, {"id": "300114", "title": "Limits on connectivity", "label": "", "cluster": 20}, {"id": "300236", "title": "Special issue on polynomial elimination&mdash;algorithms and applications", "label": "", "cluster": 31}, {"id": "300345", "title": "Mirrorware", "label": "", "cluster": 31}, {"id": "300455", "title": "An examination of the decision styles of project managers: evidence of significant diversity", "label": "", "cluster": 31}, {"id": "300633", "title": "Upper bounds to the clique width of graphs", "label": "", "cluster": 14}, {"id": "300978", "title": "Hardware Support for Control Transfers in Code Caches", "label": "", "cluster": 31}, {"id": "301024", "title": "XML-Based Communication Protocols for WebGIS", "label": "", "cluster": 31}, {"id": "301337", "title": "Electronic government in Japan: IT utilization status of local government", "label": "", "cluster": 31}, {"id": "301448", "title": "A RUP-based software process supporting progressive implementation", "label": "", "cluster": 31}, {"id": "301471", "title": "New curricular directions", "label": "", "cluster": 31}, {"id": "301645", "title": "Why the newspaper has a great user interface", "label": "", "cluster": 5}, {"id": "302198", "title": "Prediction of interconnect adjacency distribution: derivation, validation, and applications", "label": "", "cluster": 31}, {"id": "302369", "title": "Interactive Cosimulation with Partial Evaluation", "label": "", "cluster": 31}, {"id": "303052", "title": "Hyperscore: A Graphical Sketchpad for Novice Composers", "label": "", "cluster": 31}, {"id": "303140", "title": "An architecture to support distributed data retrieval in specialized formats", "label": "", "cluster": 21}, {"id": "303324", "title": "Procedural Security in Electronic Voting", "label": "", "cluster": 31}, {"id": "303348", "title": "Design pattern rationale graphs: linking design to source", "label": "", "cluster": 31}, {"id": "30404", "title": "Introductory tutorials: model validation and verification", "label": "", "cluster": 31}, {"id": "304480", "title": "Fuzzy Cognitive Maps and Neutrosophic Cognitive Maps", "label": "", "cluster": 31}, {"id": "304618", "title": "Wigner distribution transformations in high-order systems", "label": "", "cluster": 31}, {"id": "304713", "title": "Global stability of neural network with distributed delays", "label": "", "cluster": 31}, {"id": "304764", "title": "Future directions for SIGCUE", "label": "", "cluster": 31}, {"id": "305286", "title": "Conservative Front Tracking with Improved Accuracy", "label": "", "cluster": 22}, {"id": "305671", "title": "IEEE-CS/ACM computing curricula: software engineering volume", "label": "", "cluster": 31}, {"id": "306120", "title": "SME barriers to electronic commerce adoption: nothing changes-everything is new", "label": "", "cluster": 31}, {"id": "306262", "title": "Minimal and maximal exposure path algorithms for wireless embedded sensor networks", "label": "", "cluster": 31}, {"id": "306361", "title": "Comparison of Two Kinds of Prediction-Correction Methods for Monotone Variational Inequalities", "label": "", "cluster": 31}, {"id": "307062", "title": "Orion-RE: A Component-Based Software Reengineering Environment", "label": "", "cluster": 31}, {"id": "307087", "title": "Fortran: a comparison of the new proposed language (1976) to the old standard (1966)", "label": "", "cluster": 31}, {"id": "307223", "title": "GridBench: A Tool for Benchmarking Grids", "label": "", "cluster": 31}, {"id": "307883", "title": "Topologically Faithful Fitting of Simple Closed Curves", "label": "", "cluster": 31}, {"id": "308251", "title": "Practical Foundations of Business System Specifications", "label": "", "cluster": 31}, {"id": "308302", "title": "Hiding Biometric Data", "label": "", "cluster": 31}, {"id": "308767", "title": "Complex Spatial Relationships", "label": "", "cluster": 31}, {"id": "30887", "title": "Multi-agent Software Tool for Management of Design Process in Microelectronics", "label": "", "cluster": 31}, {"id": "308995", "title": "Evaluating the markov assumption for web usage mining", "label": "", "cluster": 31}, {"id": "309063", "title": "Behavioural Bitwise Scheduling Based on Computational Effort Balancing", "label": "", "cluster": 31}, {"id": "309116", "title": "Making program execution comprehensible one level above the machine language", "label": "", "cluster": 31}, {"id": "309540", "title": "A new look at exploiting data parallelism in embedded systems", "label": "", "cluster": 22}, {"id": "311138", "title": "Review of Last rites by Perry Michael Smith. Charles Schribner's Sons 1971.", "label": "", "cluster": 31}, {"id": "311192", "title": "First year courses", "label": "", "cluster": 31}, {"id": "311528", "title": "Embodiments, avatars, clones and agents for multi-user, multi-sensory virtual worlds", "label": "", "cluster": 31}, {"id": "311757", "title": "Liniking of errata: current practices in online physical sciences journals", "label": "", "cluster": 31}, {"id": "311939", "title": "Migrating Web Frameworks Using Water Transformations", "label": "", "cluster": 31}, {"id": "312334", "title": "Software engineering concepts for multimedia development", "label": "", "cluster": 31}, {"id": "312347", "title": "Bioinformatics", "label": "", "cluster": 31}, {"id": "312353", "title": "Product family modeling and design support: An approach based on graph rewriting systems", "label": "", "cluster": 31}, {"id": "312738", "title": "XRL/Woflan: Verification and Extensibility of an XML/Petri-Net-Based Language for Inter-Organizational Workflows", "label": "", "cluster": 31}, {"id": "312893", "title": "Review of \"Automated theorem proving: a logical basis\" by D.W. Loveland. North-Holland Publishing Co. 1978.", "label": "", "cluster": 31}, {"id": "312942", "title": "Temporal association rule methodologies for geo-spatial decision support*", "label": "", "cluster": 31}, {"id": "313006", "title": "The Economics of Spam", "label": "", "cluster": 31}, {"id": "313083", "title": "Preconditioning Methods for Local Discontinuous Galerkin Discretizations", "label": "", "cluster": 31}, {"id": "313315", "title": "Evaluating collaborative filtering recommender systems", "label": "", "cluster": 23}, {"id": "313413", "title": "Overload management in sensor-actuator networks used for spatially-distributed control systems", "label": "", "cluster": 31}, {"id": "313444", "title": "Time Warp Cancellation Optimisations on High Latency Networks", "label": "", "cluster": 31}, {"id": "313564", "title": "Random matchings which induce Hamilton cycles and Hamiltonian decompositions of random regular graphs", "label": "", "cluster": 31}, {"id": "314381", "title": "An XML and ontology based methodology and authoring environment for medical information systems", "label": "", "cluster": 24}, {"id": "314531", "title": "The Construction of Stack-Controlling LR Parsers for Regular Right Part Grammars", "label": "", "cluster": 31}, {"id": "314661", "title": "Transient dynamics simulations: parallel algorithms for contact detection and smoothed particle hydrodynamics", "label": "", "cluster": 31}, {"id": "314849", "title": "A new proof of a classical theorem in design theory", "label": "", "cluster": 31}, {"id": "314907", "title": "The inverse simulation approach: a focused review of methods and applications", "label": "", "cluster": 1}, {"id": "315067", "title": "ACM president's letter: the roles of ACM IV. ACM and its members: relevancy and responsibility", "label": "", "cluster": 31}, {"id": "315170", "title": "Computing unique three-dimensional object aspects representation", "label": "", "cluster": 31}, {"id": "315245", "title": "On Two-Player Repeated Games with Lack of Information on One Side and State-Independent Signalling", "label": "", "cluster": 31}, {"id": "315348", "title": "Disaster recovery techniques for database systems", "label": "", "cluster": 27}, {"id": "316306", "title": "Scene identification in news video by character region segmentation", "label": "", "cluster": 31}, {"id": "316766", "title": "Numerical study of convection in the directional solidification of a binary alloy driven by the combined action of Buoyancy, surface tension, and electromagnetic forces", "label": "", "cluster": 31}, {"id": "317247", "title": "An effective low powr design methodology based on interconnect prediction", "label": "", "cluster": 31}, {"id": "318034", "title": "Algorithm 609: A Portable FORTRAN Subroutine for the Bickley Functions Kin (x)", "label": "", "cluster": 31}, {"id": "319407", "title": "On providing useful information for analyzing and tuning applications", "label": "", "cluster": 31}, {"id": "320071", "title": "Non-stop Haskell", "label": "", "cluster": 31}, {"id": "321827", "title": "Design and performance modeling of component interconnection patterns for distributed software architectures", "label": "", "cluster": 6}, {"id": "321875", "title": "A technique for software module specification with examples", "label": "", "cluster": 31}, {"id": "322102", "title": "The case for internet voting", "label": "", "cluster": 31}, {"id": "322302", "title": "Recursive conditioning", "label": "", "cluster": 25}, {"id": "322602", "title": "The shortest path computation in MOSPF protocol using an annealed Hopfield neural network with a new cooling schedule", "label": "", "cluster": 31}, {"id": "322774", "title": "Analysis of eye tracking movements using FIR median hybrid filters", "label": "", "cluster": 31}, {"id": "323338", "title": "An algorithm for reduction of operator strength", "label": "", "cluster": 31}, {"id": "323531", "title": "Proceedings of the conference on Programming languages and compilers for parallel and vector machines", "label": "", "cluster": 31}, {"id": "323564", "title": "Software piracy: a view from Hong Kong", "label": "", "cluster": 1}, {"id": "323803", "title": "Evaluating sources of drug information on the World Wide Web", "label": "", "cluster": 31}, {"id": "323967", "title": "XCERT Software, Inc.", "label": "", "cluster": 31}, {"id": "324175", "title": "A graph-based framework for feature recognition", "label": "", "cluster": 31}, {"id": "324555", "title": "Performance, price put Altiga on top", "label": "", "cluster": 31}, {"id": "324637", "title": "Regulating service access and information release on the Web", "label": "", "cluster": 31}, {"id": "324697", "title": "The analytic hierarchy process: a note on an approach to sensitivity which preserves rank order", "label": "", "cluster": 31}, {"id": "325429", "title": "A CRT report generating system", "label": "", "cluster": 26}, {"id": "326013", "title": "Algorithm 621: Software with Low Storage Requirements for Two-Dimensional, Nonlinear, Parabolic Differential Equations", "label": "", "cluster": 31}, {"id": "326076", "title": "On polyphase sort", "label": "", "cluster": 27}, {"id": "326181", "title": "Defect tolerant molecular electronics: algorithms, architectures, and atoms", "label": "", "cluster": 4}, {"id": "326830", "title": "Algorithm 533: NSPIV, a Fortran subroutine for sparse Gaussian elimination with partial pivoting [F4]", "label": "", "cluster": 31}, {"id": "326910", "title": "Telephone speech standards committee descriptive document", "label": "", "cluster": 31}, {"id": "326915", "title": "On the numerical solution of one-dimensional PDEs using adaptive methods based on equidistribution", "label": "", "cluster": 31}, {"id": "327200", "title": "Extracting Structure from Optical Flow Using the Fast Error Search Technique", "label": "", "cluster": 31}, {"id": "327241", "title": "Bit-sliced index arithmetic", "label": "", "cluster": 31}, {"id": "32754", "title": "Inter-Model Consistency in UML Based on CPN Formalism", "label": "", "cluster": 31}, {"id": "327805", "title": "A class-dependent weighted dissimilarity measure for nearest neighbor classification problems", "label": "", "cluster": 28}, {"id": "328011", "title": "Multi-agent modelling and renewable resources issues: the relevance of shared representations for interacting agents", "label": "", "cluster": 31}, {"id": "328350", "title": "Use Chinese for zero and oh?", "label": "", "cluster": 31}, {"id": "329377", "title": "Automatic extension of an ATN knowledge base", "label": "", "cluster": 29}, {"id": "329474", "title": "Certification of algorithm 245 [M1]:treesort 3:proof of algorithms&mdash;a new kind of certification", "label": "", "cluster": 9}, {"id": "329519", "title": "Clinical quality guidelines in a lotus notes based intranet", "label": "", "cluster": 31}, {"id": "329631", "title": "On the Ginzburg&mdash;Landau energy with a weight vanishing at the boundary", "label": "", "cluster": 31}, {"id": "330335", "title": "A List Structure Form of Grammars for Syntactic Analysis", "label": "", "cluster": 31}, {"id": "330937", "title": "Shortest paths in distance-regular graphs", "label": "", "cluster": 31}, {"id": "331231", "title": "A hypothetical computer to simulate microprogramming and conventional machine language", "label": "", "cluster": 31}, {"id": "331640", "title": "Elliptic curve cryptography on smart cards without coprocessors", "label": "", "cluster": 31}, {"id": "331720", "title": "Equivalence of variational inclusions with resolvent equations", "label": "", "cluster": 31}, {"id": "332708", "title": "An experiment in high level language microprogramming and verification", "label": "", "cluster": 31}, {"id": "333232", "title": "An algorithmic approach to the conversion of decision grid charts into compressed decision tables", "label": "", "cluster": 31}, {"id": "333523", "title": "Efficient transmission of stored video for improved management of network bandwidth", "label": "", "cluster": 31}, {"id": "333524", "title": "Comment on the working set model for program behavior", "label": "", "cluster": 31}, {"id": "33964", "title": "Three Dimensional Layered Approach for Analyzing Value Chain Re-organization Cross ICT Industries for Converged Mobile Multimedia Services", "label": "", "cluster": 31}, {"id": "35407", "title": "Effects of socio-economic status on interface metaphor use and computer performance", "label": "", "cluster": 30}, {"id": "35828", "title": "Legislating Entrepreneurship: An Oxymoron?", "label": "", "cluster": 31}, {"id": "36071", "title": "Robust Video-Based Surveillance by Integrating Target Detection with Tracking", "label": "", "cluster": 31}, {"id": "36292", "title": "Increasing the size of a network by a constant factor can increase performance by more than a constant factor", "label": "", "cluster": 31}, {"id": "36893", "title": "Edge disjoint Hamilton cycles in sparse random graphs of minimum degree at least k", "label": "", "cluster": 31}, {"id": "37473", "title": "On the P&oacute;sa-Seymour conjecture", "label": "", "cluster": 31}, {"id": "39036", "title": "Network Security Situation Assessment Based on Data Fusion", "label": "", "cluster": 31}, {"id": "39574", "title": "Without a reference clock wide tuning range clock and data recovery circuit", "label": "", "cluster": 31}, {"id": "39769", "title": "Videos available online only", "label": "", "cluster": 31}, {"id": "41598", "title": "Panel", "label": "", "cluster": 24}, {"id": "42836", "title": "Folksonomies and science communication: A mash-up of professional science databases and Web 2.0 services", "label": "", "cluster": 31}, {"id": "43851", "title": "An open-source HyperTransport core", "label": "", "cluster": 31}, {"id": "44424", "title": "Kazakhstan in Pictures, 2Rev Ed edition", "label": "", "cluster": 31}, {"id": "44880", "title": "Perception of direction changes in animated data visualization", "label": "", "cluster": 31}, {"id": "44926", "title": "Robust parsing and spoken negotiative dialogue with databases", "label": "", "cluster": 31}, {"id": "45009", "title": "Adaptive Voting Algorithms for Reliable Dissemintation of Data in Sensor Networks", "label": "", "cluster": 31}, {"id": "453387", "title": "What is dBASE anyway?", "label": "", "cluster": 31}, {"id": "45601", "title": "All-Match LZ77 Bit Recycling", "label": "", "cluster": 31}, {"id": "46286", "title": "Intelligent control for permanent magnet synchronous motor with improved particle swarm optimization", "label": "", "cluster": 31}, {"id": "46477", "title": "Forewords: Special issue on graph searching", "label": "", "cluster": 31}, {"id": "47202", "title": "Group 1", "label": "", "cluster": 31}, {"id": "47733", "title": "The Case for Quantitative Process Management", "label": "", "cluster": 31}, {"id": "48685", "title": "Theoretical Foundations of Spatially-Variant Mathematical Morphology Part I: Binary Images", "label": "", "cluster": 31}, {"id": "51606", "title": "Phase-adjustable error detection flip-flops with 2-stage hold driven optimization and slack based grouping scheme for dynamic voltage scaling", "label": "", "cluster": 31}, {"id": "51973", "title": "Promoting levels of openness on component-based adaptable middleware", "label": "", "cluster": 31}, {"id": "51987", "title": "The application of data mining techniques to characterize agricultural soil profiles", "label": "", "cluster": 31}, {"id": "52031", "title": "Routing in a cyclic mobispace", "label": "", "cluster": 31}, {"id": "52152", "title": "Weakly pancyclic graphs", "label": "", "cluster": 31}, {"id": "52182", "title": "Collaboration between Security Devices toward improving Network Defense", "label": "", "cluster": 31}, {"id": "53091", "title": "Title Page iii - Volume 2", "label": "", "cluster": 31}, {"id": "53263", "title": "A note on the false discovery rate and inconsistent comparisons between experiments", "label": "", "cluster": 31}, {"id": "53368", "title": "Data & services", "label": "", "cluster": 31}, {"id": "55021", "title": "Achievement of high planarization efficiency in CMP of copper at a reduced down pressure", "label": "", "cluster": 31}, {"id": "55288", "title": "A Property-Dependent Agent Transfer Protocol", "label": "", "cluster": 31}, {"id": "55770", "title": "Proceedings of the 3rd Indian Conference on Logic and Its Applications", "label": "", "cluster": 31}, {"id": "57536", "title": "Complexity Analysis of Pipeline Mapping Problems in Distributed Heterogeneous Networks", "label": "", "cluster": 31}, {"id": "57669", "title": "Cooking with Linux: evil agents under the bed and other scary things that go boom!", "label": "", "cluster": 23}, {"id": "59022", "title": "Research on Content-awareness Protocol of Knowledge Communication Based on Ontology", "label": "", "cluster": 31}, {"id": "59379", "title": "Efficient query processing on graph databases", "label": "", "cluster": 9}, {"id": "60163", "title": "Experiences of a value assessment for products", "label": "", "cluster": 31}, {"id": "60180", "title": "Undergraduate education in the computer system of software school, Fudan University", "label": "", "cluster": 31}, {"id": "60657", "title": "Individual and group-based learning from complex cognitive tasks: Effects on retention and transfer efficiency", "label": "", "cluster": 31}, {"id": "62878", "title": "A certificate program in computer forensics", "label": "", "cluster": 31}, {"id": "63051", "title": "A sampling-based scheduling method for distributed computing", "label": "", "cluster": 31}, {"id": "64165", "title": "Approximating dynamic global illumination in image space", "label": "", "cluster": 31}, {"id": "64293", "title": "Controlling Physical Multiagent Teams: Getting League-Independent Results from RoboCup Soccer - Volume 304 Dissertations in Artificial Intelligence - Infix ... in Artificial Intelligence)", "label": "", "cluster": 31}, {"id": "64603", "title": "On Stateless Deterministic Restarting Automata", "label": "", "cluster": 31}, {"id": "64664", "title": "Congestion-aware power grid optimization for 3D circuits using MIM and CMOS decoupling capacitors", "label": "", "cluster": 31}, {"id": "64939", "title": "The ongoing challenge: an accurate assessment of supply linked to demand to create an enterprise-wide end to end detailed central supply chain plan", "label": "", "cluster": 31}, {"id": "67899", "title": "A Non-parametric Semi-supervised Discretization Method", "label": "", "cluster": 31}, {"id": "68554", "title": "High-Performance Image Annotation and Retrieval for Weakly Labeled Images Using Latent Space Learning", "label": "", "cluster": 31}, {"id": "7023", "title": "Lab Manual for Microsoft Visual Basic.net: Reloaded Lab Manual", "label": "", "cluster": 31}, {"id": "70317", "title": "Local proofs for global safety properties", "label": "", "cluster": 31}, {"id": "70509", "title": "Use of Neural Networks in Damage Detection of Strutures", "label": "", "cluster": 31}, {"id": "71060", "title": "Wireless technology", "label": "", "cluster": 31}, {"id": "71361", "title": "Parallel and Distributed Computing", "label": "", "cluster": 31}, {"id": "71521", "title": "Improving target detection by coupling it with tracking", "label": "", "cluster": 31}, {"id": "71722", "title": "Valuation of variable annuity contracts with cliquet options in Asia markets", "label": "", "cluster": 31}, {"id": "74113", "title": "Engagement: gaming throughout the curriculum", "label": "", "cluster": 31}, {"id": "74242", "title": "Application Research of Design Patterns in Virtual Trade Platform", "label": "", "cluster": 8}, {"id": "74387", "title": "The effectiveness of machine learning techniques for predicting time to case disposition", "label": "", "cluster": 31}, {"id": "74446", "title": "Detection of spikes with artificial neural networks using raw EEG", "label": "", "cluster": 31}, {"id": "74531", "title": "Parallel transient dynamics simulations", "label": "", "cluster": 31}, {"id": "74696", "title": "An architectural framework for the support of integrated services by broadband customer premises equipment", "label": "", "cluster": 31}, {"id": "74765", "title": "Teaching teachers to teach on-line", "label": "", "cluster": 31}, {"id": "74868", "title": "NetCash: a framework for electronic currency", "label": "", "cluster": 31}, {"id": "75896", "title": "Estimation of time-varying parameters in statistical models: an optimization approach", "label": "", "cluster": 4}, {"id": "76555", "title": "Evaluation of a distribution center tow-line material handling system through simulation modeling", "label": "", "cluster": 31}, {"id": "76787", "title": "Seductive interfaces: satisfying a mass audience", "label": "", "cluster": 31}, {"id": "77384", "title": "Two algorithms for nearest-neighbor search in high dimensions", "label": "", "cluster": 31}, {"id": "77487", "title": "Criteria for selection of spatial dimension in the application of one- and two-dimensional water quality models", "label": "", "cluster": 9}, {"id": "78087", "title": "The giraffes of Mordillo", "label": "", "cluster": 25}, {"id": "79089", "title": "Generalization of Clauses Relative to a Theory", "label": "", "cluster": 31}, {"id": "79131", "title": "Concurrent rule execution in active databases", "label": "", "cluster": 31}, {"id": "793", "title": "Nintendo GameCube Collection: Luigi's Mansion / Super Smash Bros. Melee / Wave Race Blue Storm / Pikmin (Prima's Official Strategy Guide)", "label": "", "cluster": 31}, {"id": "79371", "title": "From complex environments to complex behaviors", "label": "", "cluster": 31}, {"id": "80105", "title": "Linear stability analysis of thermo-lattice Boltzmann models", "label": "", "cluster": 31}, {"id": "80109", "title": "A fast solver for the clamped plate problem in a rectangle based on a boundary potentials method", "label": "", "cluster": 31}, {"id": "80198", "title": "On d-orthogonal Tchebychev polynomials, I", "label": "", "cluster": 31}, {"id": "80261", "title": "Real-time nonphotorealistic rendering", "label": "", "cluster": 31}, {"id": "80550", "title": "CSIM18&mdash;the simulation engine", "label": "", "cluster": 31}, {"id": "80754", "title": "Superfast peripherals", "label": "", "cluster": 31}, {"id": "80789", "title": "When should a roving server be patient?", "label": "", "cluster": 31}, {"id": "81278", "title": "Cancer support groups migrate to Internet relay chat", "label": "", "cluster": 31}, {"id": "81364", "title": "Remote I/O: fast access to distant storage", "label": "", "cluster": 31}, {"id": "81699", "title": "An explicit semantics for coordination multiagent plan execution", "label": "", "cluster": 31}, {"id": "81788", "title": "The Wandering Eye: an on-line collaboration between students and professional creative artists", "label": "", "cluster": 31}, {"id": "81844", "title": "Cycles in a graph whose lengths differ by one or two", "label": "", "cluster": 31}, {"id": "82447", "title": "How is the designer different from the user?&mdash;Focusing on a software development methodology", "label": "", "cluster": 31}, {"id": "82452", "title": "The right to read", "label": "", "cluster": 31}, {"id": "82792", "title": "Splicer: a heuristic approach to connectivity binding", "label": "", "cluster": 31}, {"id": "82932", "title": "Translating a convex polygon to contain a maximum number of points", "label": "", "cluster": 31}, {"id": "83067", "title": "Framework for a geographic districting DSS using an intelligent object-oriented model", "label": "", "cluster": 31}, {"id": "83313", "title": "Changes in GABA&bgr;modulation during a theta cycle may be analogous to the fall of temperature during annealing", "label": "", "cluster": 31}, {"id": "83619", "title": "A highly accurate fast solver for Helmholtz equations", "label": "", "cluster": 31}, {"id": "84382", "title": "A study of software portability evaluation", "label": "", "cluster": 31}, {"id": "85025", "title": "A statistical control chart for stationary process data", "label": "", "cluster": 31}, {"id": "85309", "title": "Comparative characterization of the infarcted and reperfused ventricular wall muscles by finite element analysis and a myocardial muscle-blood composite model", "label": "", "cluster": 33}, {"id": "86812", "title": "Sub-half micron metallization using high-pressure Al", "label": "", "cluster": 32}, {"id": "86850", "title": "Lambda composition", "label": "", "cluster": 31}, {"id": "86993", "title": "Formal verification of complex coherence protocols using symbolic state models", "label": "", "cluster": 31}, {"id": "87687", "title": "SL &sube;L4/3", "label": "", "cluster": 31}, {"id": "87964", "title": "MapQuest and Maps On Us: top Web map services", "label": "", "cluster": 30}, {"id": "88657", "title": "The use of simulation to evaluate strategic aeromedical evacuation policy and planning", "label": "", "cluster": 31}, {"id": "89049", "title": "Recognition", "label": "", "cluster": 31}, {"id": "89609", "title": "A message-passing interface implementation for dynamic task allocation environments", "label": "", "cluster": 33}, {"id": "89650", "title": "Error Estimates with Sharp Constants for a Fading Memory Volterra Problem in Linear Solid Viscoelasticity", "label": "", "cluster": 31}, {"id": "89715", "title": "Matrix analytical model of an ATM output buffer with self-similar traffic", "label": "", "cluster": 31}, {"id": "89852", "title": "Retrospective: very long instruction word architectures and the ELI-512", "label": "", "cluster": 31}, {"id": "90067", "title": "The theory of involutive divisions and an application to Hilbert function computations", "label": "", "cluster": 24}, {"id": "90616", "title": "Transformational partitioning for co-design of multiprocessor systems", "label": "", "cluster": 31}, {"id": "91834", "title": "Families of Solutions of Matrix Riccati Differential Equations", "label": "", "cluster": 13}, {"id": "91879", "title": "An overlapping Schwarz method for spectral element solution of the incompressible Navier-Stokes equations", "label": "", "cluster": 31}, {"id": "92117", "title": "Intersections of longest cycles in k-connected graphs", "label": "", "cluster": 31}, {"id": "92272", "title": "Epistasis in genetic algorithms revisited", "label": "", "cluster": 31}, {"id": "92350", "title": "WonderSpace: interactive 3D animation browser", "label": "", "cluster": 31}, {"id": "93748", "title": "The rank of sparse random matrices over finite fields", "label": "", "cluster": 31}, {"id": "93827", "title": "Conformance testing trails on ERMES receivers", "label": "", "cluster": 31}, {"id": "94213", "title": "Digital imaging for preservation and access of paper based colour maps: results of a survey", "label": "", "cluster": 2}, {"id": "94313", "title": "Integrating user interface agents with conventional applications", "label": "", "cluster": 31}, {"id": "94892", "title": "Unconstrained Automatic Image Matching Using Multiresolutional Critical-Point Filters", "label": "", "cluster": 31}, {"id": "95215", "title": "Database insecurity", "label": "", "cluster": 31}, {"id": "95284", "title": "The threat of long-arm jurisdiction to electronic commerce", "label": "", "cluster": 31}, {"id": "95445", "title": "MUCKing around with Forth", "label": "", "cluster": 31}, {"id": "95971", "title": "Adaptive nonlinear filters for 2D and 3D image enhancement", "label": "", "cluster": 34}, {"id": "96051", "title": "Disjunctive program analysis for algebraic data types", "label": "", "cluster": 31}, {"id": "96227", "title": "Design issues in high performance floating point arithmetic units", "label": "", "cluster": 4}, {"id": "96267", "title": "Efficient computations on fault-prone BSP machines", "label": "", "cluster": 35}, {"id": "96268", "title": "An hierarchical threshold scheme with unique partial keys", "label": "", "cluster": 31}, {"id": "97202", "title": "Matrix calculations on hand-held calculators", "label": "", "cluster": 31}, {"id": "97589", "title": "Generative 3D models: a key to more information within less bandwidth at higher quality", "label": "", "cluster": 31}, {"id": "98037", "title": "Interactive Color Image Segmentation by Region Growing Combined with Image Enhancement Based on Bezier Model", "label": "", "cluster": 31}, {"id": "98048", "title": "Construction and Application of Hybrid Wavelet and Other Parametric Orthogonal Transforms", "label": "", "cluster": 31}, {"id": "98195", "title": "A Cycle-Accurate ISS for a Dynamically Reconfigurable Processor Architecture", "label": "", "cluster": 31}, {"id": "98226", "title": "Talk To Your Mac! Your Guide To Speech Recognition On The Mac", "label": "", "cluster": 31}, {"id": "98667", "title": "Distributed system diagnosis of byzantine failures in partially connected multicomputer systems", "label": "", "cluster": 31}, {"id": "98688", "title": "A Tensor Decomposition for Geometric Grouping and Segmentation", "label": "", "cluster": 31}, {"id": "98757", "title": "Concurrency control and recovery for balanced B-link trees", "label": "", "cluster": 31}, {"id": "99064", "title": "Constructing Jacobi matrices with prescribed ordered defective eigenpairs and a principal submatrix", "label": "", "cluster": 31}, {"id": "99210", "title": "Design and Analyse Your Experiment Using Minitab", "label": "", "cluster": 31}, {"id": "99593", "title": "FeelTip: tactile input device for small wearable information appliances", "label": "", "cluster": 31}], "edges": [{"source": "235432", "target": "453387"}, {"source": "14337", "target": "453387"}, {"source": "142677", "target": "453387"}, {"source": "293668", "target": "453387"}, {"source": "293668", "target": "293668"}, {"source": "289484", "target": "453387"}, {"source": "313006", "target": "453387"}, {"source": "307062", "target": "453387"}, {"source": "36071", "target": "453387"}, {"source": "79131", "target": "453387"}, {"source": "232817", "target": "453387"}, {"source": "307223", "target": "453387"}, {"source": "294746", "target": "453387"}, {"source": "86812", "target": "453387"}, {"source": "331231", "target": "453387"}, {"source": "297669", "target": "453387"}, {"source": "103783", "target": "453387"}, {"source": "103783", "target": "303140"}, {"source": "103783", "target": "244938"}, {"source": "45009", "target": "453387"}, {"source": "312942", "target": "453387"}, {"source": "312738", "target": "453387"}, {"source": "87687", "target": "453387"}, {"source": "293456", "target": "453387"}, {"source": "105796", "target": "453387"}, {"source": "313444", "target": "453387"}, {"source": "106348", "target": "453387"}, {"source": "95284", "target": "453387"}, {"source": "28912", "target": "453387"}, {"source": "314531", "target": "453387"}, {"source": "107614", "target": "453387"}, {"source": "284827", "target": "453387"}, {"source": "237031", "target": "453387"}, {"source": "288544", "target": "453387"}, {"source": "327200", "target": "453387"}, {"source": "280723", "target": "300633"}, {"source": "280723", "target": "453387"}, {"source": "293717", "target": "453387"}, {"source": "135590", "target": "453387"}, {"source": "47733", "target": "453387"}, {"source": "227724", "target": "453387"}, {"source": "301471", "target": "453387"}, {"source": "94313", "target": "453387"}, {"source": "296267", "target": "453387"}, {"source": "74242", "target": "242410"}, {"source": "74242", "target": "453387"}, {"source": "294846", "target": "453387"}, {"source": "27984", "target": "453387"}, {"source": "313564", "target": "453387"}, {"source": "246323", "target": "453387"}, {"source": "98688", "target": "453387"}, {"source": "315170", "target": "453387"}, {"source": "139624", "target": "453387"}, {"source": "1761", "target": "298465"}, {"source": "1761", "target": "453387"}, {"source": "252832", "target": "453387"}, {"source": "108422", "target": "453387"}, {"source": "311192", "target": "453387"}, {"source": "234198", "target": "453387"}, {"source": "241400", "target": "453387"}, {"source": "92272", "target": "453387"}, {"source": "280578", "target": "453387"}, {"source": "330335", "target": "453387"}, {"source": "123632", "target": "453387"}, {"source": "324637", "target": "453387"}, {"source": "228725", "target": "453387"}, {"source": "93748", "target": "453387"}, {"source": "291460", "target": "453387"}, {"source": "141364", "target": "453387"}, {"source": "89609", "target": "453387"}, {"source": "76787", "target": "453387"}, {"source": "282092", "target": "453387"}, {"source": "294156", "target": "453387"}, {"source": "244925", "target": "453387"}, {"source": "44424", "target": "453387"}, {"source": "98037", "target": "453387"}, {"source": "1019", "target": "453387"}, {"source": "313315", "target": "453387"}, {"source": "104100", "target": "453387"}, {"source": "294493", "target": "297304"}, {"source": "294493", "target": "453387"}, {"source": "302369", "target": "453387"}, {"source": "99210", "target": "453387"}, {"source": "308302", "target": "453387"}, {"source": "292142", "target": "453387"}, {"source": "280812", "target": "453387"}, {"source": "244938", "target": "453387"}, {"source": "97589", "target": "453387"}, {"source": "232465", "target": "453387"}, {"source": "299629", "target": "453387"}, {"source": "303324", "target": "453387"}, {"source": "222112", "target": "453387"}, {"source": "329631", "target": "453387"}, {"source": "80109", "target": "453387"}, {"source": "793", "target": "453387"}, {"source": "89715", "target": "453387"}, {"source": "46477", "target": "453387"}, {"source": "101923", "target": "453387"}, {"source": "101923", "target": "327805"}, {"source": "280314", "target": "453387"}, {"source": "314381", "target": "90067"}, {"source": "314381", "target": "453387"}, {"source": "70509", "target": "453387"}, {"source": "297304", "target": "453387"}, {"source": "251607", "target": "453387"}, {"source": "291618", "target": "453387"}, {"source": "107727", "target": "453387"}, {"source": "281407", "target": "453387"}, {"source": "71521", "target": "453387"}, {"source": "315067", "target": "453387"}, {"source": "122977", "target": "453387"}, {"source": "18513", "target": "453387"}, {"source": "82452", "target": "453387"}, {"source": "298698", "target": "453387"}, {"source": "312334", "target": "453387"}, {"source": "82792", "target": "453387"}, {"source": "302198", "target": "453387"}, {"source": "57536", "target": "453387"}, {"source": "90616", "target": "453387"}, {"source": "108615", "target": "453387"}, {"source": "41598", "target": "246168"}, {"source": "41598", "target": "453387"}, {"source": "286940", "target": "96267"}, {"source": "286940", "target": "453387"}, {"source": "316306", "target": "453387"}, {"source": "98195", "target": "453387"}, {"source": "289260", "target": "453387"}, {"source": "282824", "target": "453387"}, {"source": "325429", "target": "282282"}, {"source": "325429", "target": "288417"}, {"source": "325429", "target": "453387"}, {"source": "53368", "target": "453387"}, {"source": "120215", "target": "453387"}, {"source": "291472", "target": "86812"}, {"source": "291472", "target": "453387"}, {"source": "95971", "target": "124659"}, {"source": "95971", "target": "453387"}, {"source": "292804", "target": "453387"}, {"source": "20282", "target": "453387"}, {"source": "298465", "target": "453387"}, {"source": "135672", "target": "453387"}, {"source": "303052", "target": "453387"}, {"source": "104616", "target": "453387"}, {"source": "80754", "target": "453387"}, {"source": "287971", "target": "453387"}, {"source": "287971", "target": "292302"}, {"source": "89650", "target": "453387"}, {"source": "12274", "target": "453387"}, {"source": "36292", "target": "453387"}, {"source": "329474", "target": "77487"}, {"source": "329474", "target": "453387"}, {"source": "80261", "target": "453387"}, {"source": "74696", "target": "453387"}, {"source": "283491", "target": "453387"}, {"source": "55288", "target": "453387"}, {"source": "266779", "target": "453387"}, {"source": "298776", "target": "453387"}, {"source": "52031", "target": "453387"}, {"source": "84382", "target": "453387"}, {"source": "290229", "target": "453387"}, {"source": "232154", "target": "453387"}, {"source": "47202", "target": "453387"}, {"source": "80789", "target": "453387"}, {"source": "124688", "target": "453387"}, {"source": "211324", "target": "453387"}, {"source": "83067", "target": "453387"}, {"source": "236252", "target": "453387"}, {"source": "35407", "target": "87964"}, {"source": "35407", "target": "453387"}, {"source": "254087", "target": "453387"}, {"source": "101269", "target": "214293"}, {"source": "101269", "target": "453387"}, {"source": "307087", "target": "453387"}, {"source": "323338", "target": "453387"}, {"source": "96268", "target": "453387"}, {"source": "297424", "target": "453387"}, {"source": "25159", "target": "453387"}, {"source": "93827", "target": "453387"}, {"source": "212237", "target": "453387"}, {"source": "327805", "target": "453387"}, {"source": "216541", "target": "453387"}, {"source": "135761", "target": "453387"}, {"source": "51606", "target": "453387"}, {"source": "112896", "target": "453387"}, {"source": "286968", "target": "453387"}, {"source": "322102", "target": "453387"}, {"source": "312893", "target": "453387"}, {"source": "245462", "target": "453387"}, {"source": "245462", "target": "255007"}, {"source": "286091", "target": "453387"}, {"source": "329377", "target": "286091"}, {"source": "329377", "target": "453387"}, {"source": "53263", "target": "453387"}, {"source": "305671", "target": "453387"}, {"source": "220971", "target": "453387"}, {"source": "74387", "target": "453387"}, {"source": "281234", "target": "453387"}, {"source": "281234", "target": "292302"}, {"source": "297482", "target": "453387"}, {"source": "142301", "target": "453387"}, {"source": "45601", "target": "453387"}, {"source": "243863", "target": "453387"}, {"source": "51973", "target": "453387"}, {"source": "309540", "target": "305286"}, {"source": "309540", "target": "453387"}, {"source": "130540", "target": "285828"}, {"source": "130540", "target": "453387"}, {"source": "326910", "target": "453387"}, {"source": "138990", "target": "453387"}, {"source": "106227", "target": "96227"}, {"source": "106227", "target": "453387"}, {"source": "297004", "target": "453387"}, {"source": "295093", "target": "453387"}, {"source": "85309", "target": "453387"}, {"source": "85309", "target": "89609"}, {"source": "89049", "target": "453387"}, {"source": "249433", "target": "453387"}, {"source": "249219", "target": "453387"}, {"source": "326181", "target": "214168"}, {"source": "326181", "target": "453387"}, {"source": "281327", "target": "453387"}, {"source": "102180", "target": "453387"}, {"source": "280379", "target": "223071"}, {"source": "280379", "target": "453387"}, {"source": "216312", "target": "453387"}, {"source": "92350", "target": "453387"}, {"source": "100909", "target": "453387"}, {"source": "305286", "target": "453387"}, {"source": "82932", "target": "453387"}, {"source": "311138", "target": "453387"}, {"source": "324555", "target": "453387"}, {"source": "312347", "target": "453387"}, {"source": "71361", "target": "453387"}, {"source": "95445", "target": "453387"}, {"source": "55770", "target": "453387"}, {"source": "80198", "target": "453387"}, {"source": "60657", "target": "453387"}, {"source": "292187", "target": "453387"}, {"source": "300978", "target": "453387"}, {"source": "309063", "target": "453387"}, {"source": "100935", "target": "453387"}, {"source": "67899", "target": "453387"}, {"source": "228748", "target": "453387"}, {"source": "280695", "target": "91834"}, {"source": "280695", "target": "453387"}, {"source": "309116", "target": "453387"}, {"source": "314907", "target": "453387"}, {"source": "77487", "target": "453387"}, {"source": "303140", "target": "244938"}, {"source": "303140", "target": "453387"}, {"source": "59022", "target": "453387"}, {"source": "323803", "target": "453387"}, {"source": "91879", "target": "453387"}, {"source": "330937", "target": "453387"}, {"source": "94213", "target": "453387"}, {"source": "300633", "target": "453387"}, {"source": "286232", "target": "453387"}, {"source": "224981", "target": "453387"}, {"source": "103460", "target": "453387"}, {"source": "315245", "target": "453387"}, {"source": "242318", "target": "453387"}, {"source": "242318", "target": "314381"}, {"source": "308251", "target": "453387"}, {"source": "223190", "target": "453387"}, {"source": "48685", "target": "453387"}, {"source": "234158", "target": "453387"}, {"source": "81364", "target": "453387"}, {"source": "223071", "target": "453387"}, {"source": "103938", "target": "453387"}, {"source": "321875", "target": "453387"}, {"source": "135266", "target": "453387"}, {"source": "114510", "target": "94213"}, {"source": "114510", "target": "453387"}, {"source": "227702", "target": "453387"}, {"source": "44880", "target": "453387"}, {"source": "283510", "target": "453387"}, {"source": "108830", "target": "453387"}, {"source": "78087", "target": "453387"}, {"source": "91834", "target": "453387"}, {"source": "279228", "target": "453387"}, {"source": "333524", "target": "453387"}, {"source": "83619", "target": "453387"}, {"source": "281388", "target": "453387"}, {"source": "98757", "target": "453387"}, {"source": "322774", "target": "453387"}, {"source": "141011", "target": "453387"}, {"source": "80105", "target": "453387"}, {"source": "64664", "target": "453387"}, {"source": "327241", "target": "453387"}, {"source": "211385", "target": "453387"}, {"source": "62878", "target": "453387"}, {"source": "129434", "target": "453387"}, {"source": "279337", "target": "453387"}, {"source": "235759", "target": "453387"}, {"source": "113635", "target": "453387"}, {"source": "315348", "target": "326076"}, {"source": "315348", "target": "453387"}, {"source": "287979", "target": "453387"}, {"source": "111714", "target": "453387"}, {"source": "105955", "target": "453387"}, {"source": "14087", "target": "453387"}, {"source": "96267", "target": "453387"}, {"source": "285625", "target": "453387"}, {"source": "291213", "target": "453387"}, {"source": "35828", "target": "453387"}, {"source": "44926", "target": "453387"}, {"source": "86993", "target": "453387"}, {"source": "251153", "target": "453387"}, {"source": "97202", "target": "453387"}, {"source": "308995", "target": "453387"}, {"source": "108417", "target": "453387"}, {"source": "74765", "target": "453387"}, {"source": "308767", "target": "453387"}, {"source": "301337", "target": "453387"}, {"source": "297244", "target": "453387"}, {"source": "311757", "target": "453387"}, {"source": "232828", "target": "453387"}, {"source": "71060", "target": "453387"}, {"source": "142636", "target": "453387"}, {"source": "288009", "target": "453387"}, {"source": "301448", "target": "453387"}, {"source": "299168", "target": "453387"}, {"source": "75896", "target": "453387"}, {"source": "75896", "target": "96227"}, {"source": "75896", "target": "214168"}, {"source": "312353", "target": "453387"}, {"source": "290184", "target": "453387"}, {"source": "94892", "target": "453387"}, {"source": "37473", "target": "453387"}, {"source": "332708", "target": "453387"}, {"source": "291563", "target": "453387"}, {"source": "114379", "target": "453387"}, {"source": "114379", "target": "314907"}, {"source": "292324", "target": "453387"}, {"source": "227895", "target": "222838"}, {"source": "227895", "target": "453387"}, {"source": "319407", "target": "453387"}, {"source": "60163", "target": "453387"}, {"source": "322302", "target": "78087"}, {"source": "322302", "target": "453387"}, {"source": "36893", "target": "453387"}, {"source": "306120", "target": "453387"}, {"source": "242970", "target": "236844"}, {"source": "242970", "target": "280379"}, {"source": "242970", "target": "453387"}, {"source": "29543", "target": "453387"}, {"source": "295045", "target": "453387"}, {"source": "22346", "target": "453387"}, {"source": "22346", "target": "321827"}, {"source": "285339", "target": "453387"}, {"source": "90067", "target": "453387"}, {"source": "249273", "target": "453387"}, {"source": "316766", "target": "453387"}, {"source": "83313", "target": "453387"}, {"source": "214293", "target": "453387"}, {"source": "290267", "target": "101269"}, {"source": "290267", "target": "214293"}, {"source": "290267", "target": "453387"}, {"source": "285828", "target": "453387"}, {"source": "74868", "target": "453387"}, {"source": "300455", "target": "453387"}, {"source": "331640", "target": "453387"}, {"source": "323564", "target": "114379"}, {"source": "323564", "target": "314907"}, {"source": "323564", "target": "453387"}, {"source": "249115", "target": "453387"}, {"source": "134493", "target": "300114"}, {"source": "134493", "target": "453387"}, {"source": "32754", "target": "453387"}, {"source": "51987", "target": "453387"}, {"source": "98226", "target": "453387"}, {"source": "320071", "target": "453387"}, {"source": "74446", "target": "453387"}, {"source": "59379", "target": "242907"}, {"source": "59379", "target": "453387"}, {"source": "252208", "target": "453387"}, {"source": "328350", "target": "453387"}, {"source": "326830", "target": "453387"}, {"source": "99064", "target": "453387"}, {"source": "323967", "target": "453387"}, {"source": "290498", "target": "453387"}, {"source": "297910", "target": "453387"}, {"source": "231864", "target": "314907"}, {"source": "231864", "target": "453387"}, {"source": "231973", "target": "453387"}, {"source": "98667", "target": "453387"}, {"source": "297772", "target": "453387"}, {"source": "280082", "target": "453387"}, {"source": "96051", "target": "453387"}, {"source": "265888", "target": "453387"}, {"source": "281371", "target": "453387"}, {"source": "240509", "target": "453387"}, {"source": "115896", "target": "453387"}, {"source": "324697", "target": "453387"}, {"source": "245113", "target": "453387"}, {"source": "288686", "target": "453387"}, {"source": "122938", "target": "453387"}, {"source": "255007", "target": "453387"}, {"source": "322602", "target": "453387"}, {"source": "74531", "target": "453387"}, {"source": "137941", "target": "453387"}, {"source": "289820", "target": "453387"}, {"source": "27228", "target": "453387"}, {"source": "100333", "target": "453387"}, {"source": "57669", "target": "453387"}, {"source": "57669", "target": "313315"}, {"source": "60180", "target": "453387"}, {"source": "223039", "target": "453387"}, {"source": "247272", "target": "453387"}, {"source": "313083", "target": "453387"}, {"source": "306262", "target": "453387"}, {"source": "14600", "target": "453387"}, {"source": "129659", "target": "453387"}, {"source": "333523", "target": "453387"}, {"source": "282282", "target": "453387"}, {"source": "211015", "target": "453387"}, {"source": "104447", "target": "453387"}, {"source": "301024", "target": "453387"}, {"source": "306361", "target": "453387"}, {"source": "99593", "target": "453387"}, {"source": "22817", "target": "453387"}, {"source": "42836", "target": "453387"}, {"source": "317247", "target": "453387"}, {"source": "295695", "target": "453387"}, {"source": "52182", "target": "453387"}, {"source": "63051", "target": "453387"}, {"source": "304480", "target": "453387"}, {"source": "21269", "target": "453387"}, {"source": "304764", "target": "453387"}, {"source": "39574", "target": "453387"}, {"source": "116437", "target": "453387"}, {"source": "299687", "target": "453387"}, {"source": "46286", "target": "453387"}, {"source": "81278", "target": "453387"}, {"source": "311939", "target": "453387"}, {"source": "311528", "target": "453387"}, {"source": "303348", "target": "453387"}, {"source": "29967", "target": "453387"}, {"source": "29967", "target": "222838"}, {"source": "304713", "target": "453387"}, {"source": "304618", "target": "453387"}, {"source": "313413", "target": "453387"}, {"source": "77384", "target": "453387"}, {"source": "242907", "target": "77487"}, {"source": "242907", "target": "453387"}, {"source": "246168", "target": "453387"}, {"source": "246168", "target": "314381"}, {"source": "324175", "target": "453387"}, {"source": "21888", "target": "453387"}, {"source": "318034", "target": "453387"}, {"source": "307883", "target": "453387"}, {"source": "39036", "target": "453387"}, {"source": "52152", "target": "453387"}, {"source": "251760", "target": "284827"}, {"source": "251760", "target": "453387"}, {"source": "326076", "target": "453387"}, {"source": "288664", "target": "453387"}, {"source": "88657", "target": "453387"}, {"source": "107006", "target": "453387"}, {"source": "22856", "target": "453387"}, {"source": "85025", "target": "453387"}, {"source": "242410", "target": "453387"}, {"source": "300236", "target": "453387"}, {"source": "292412", "target": "453387"}, {"source": "240756", "target": "453387"}, {"source": "248183", "target": "453387"}, {"source": "233255", "target": "453387"}, {"source": "295398", "target": "453387"}, {"source": "30404", "target": "453387"}, {"source": "68554", "target": "453387"}, {"source": "87964", "target": "453387"}, {"source": "323531", "target": "453387"}, {"source": "43851", "target": "453387"}, {"source": "30887", "target": "453387"}, {"source": "106213", "target": "453387"}, {"source": "241942", "target": "453387"}, {"source": "81788", "target": "453387"}, {"source": "242610", "target": "453387"}, {"source": "288217", "target": "453387"}, {"source": "321827", "target": "453387"}, {"source": "289994", "target": "453387"}, {"source": "190016", "target": "453387"}, {"source": "328011", "target": "453387"}, {"source": "225905", "target": "453387"}, {"source": "225905", "target": "227895"}, {"source": "19648", "target": "453387"}, {"source": "291375", "target": "453387"}, {"source": "291375", "target": "298922"}, {"source": "81699", "target": "453387"}, {"source": "95215", "target": "453387"}, {"source": "55021", "target": "453387"}, {"source": "284631", "target": "453387"}, {"source": "333232", "target": "453387"}, {"source": "80550", "target": "453387"}, {"source": "11005", "target": "453387"}, {"source": "314849", "target": "453387"}, {"source": "106019", "target": "453387"}, {"source": "104236", "target": "453387"}, {"source": "96227", "target": "453387"}, {"source": "96227", "target": "214168"}, {"source": "79371", "target": "453387"}, {"source": "92117", "target": "453387"}, {"source": "289518", "target": "453387"}, {"source": "292302", "target": "453387"}, {"source": "236844", "target": "223071"}, {"source": "236844", "target": "280379"}, {"source": "236844", "target": "453387"}, {"source": "288417", "target": "453387"}, {"source": "298922", "target": "453387"}, {"source": "222838", "target": "453387"}, {"source": "139018", "target": "453387"}, {"source": "247661", "target": "453387"}, {"source": "301645", "target": "223190"}, {"source": "301645", "target": "453387"}, {"source": "7023", "target": "453387"}, {"source": "326013", "target": "453387"}, {"source": "122593", "target": "453387"}, {"source": "122593", "target": "329474"}, {"source": "33964", "target": "453387"}, {"source": "82447", "target": "453387"}, {"source": "132401", "target": "453387"}, {"source": "64603", "target": "453387"}, {"source": "64165", "target": "453387"}, {"source": "124659", "target": "453387"}, {"source": "314661", "target": "453387"}, {"source": "70317", "target": "453387"}, {"source": "329519", "target": "453387"}, {"source": "279693", "target": "453387"}, {"source": "298383", "target": "453387"}, {"source": "26445", "target": "453387"}, {"source": "17856", "target": "453387"}, {"source": "53091", "target": "453387"}, {"source": "79089", "target": "453387"}, {"source": "293895", "target": "453387"}, {"source": "213123", "target": "453387"}, {"source": "300345", "target": "453387"}, {"source": "331720", "target": "453387"}, {"source": "214900", "target": "453387"}, {"source": "74113", "target": "453387"}, {"source": "89852", "target": "453387"}, {"source": "285637", "target": "453387"}, {"source": "39769", "target": "453387"}, {"source": "138371", "target": "453387"}, {"source": "290719", "target": "280723"}, {"source": "290719", "target": "453387"}, {"source": "296158", "target": "453387"}, {"source": "98048", "target": "453387"}, {"source": "326915", "target": "453387"}, {"source": "26712", "target": "453387"}, {"source": "300114", "target": "280812"}, {"source": "300114", "target": "453387"}, {"source": "23718", "target": "453387"}, {"source": "214168", "target": "453387"}, {"source": "86850", "target": "453387"}, {"source": "64939", "target": "453387"}, {"source": "140598", "target": "453387"}, {"source": "64293", "target": "453387"}, {"source": "81844", "target": "453387"}, {"source": "76555", "target": "453387"}, {"source": "71722", "target": "453387"}, {"source": "224173", "target": "453387"}]}