{"nodes": [{"id": "0", "label": "A+ Certification Core Hardware (Text & Lab Manual)", "cluster": 4}, {"id": "1", "label": "Performance engineering in industry: current practices and adoption challenges", "cluster": 4}, {"id": "2", "label": "Dude, You Can Do It! How to Build a Sweeet PC", "cluster": 4}, {"id": "3", "label": "What Every Programmer Needs to Know about Security (Advances in Information Security)", "cluster": 4}, {"id": "4", "label": "Interpreting Kullback-Leibler divergence with the Neyman-Pearson lemma", "cluster": 1}, {"id": "5", "label": "Digital Media: Transformations in Human Communication", "cluster": 6}, {"id": "6", "label": "TOPP---the OpenMS proteomics pipeline", "cluster": 4}, {"id": "7", "label": "Type Graphics and MacIntosh", "cluster": 2}, {"id": "8", "label": "Adaptive Hypermedia and Adaptive Web-Based Systems: 4th International Conference, AH 2006, Dublin, Ireland, June 21-23, 2006, Proceedings (Lecture Notes in Computer Science)", "cluster": 5}, {"id": "9", "label": "Dependable Computing: Second Latin-American Symposium, LADC 2005, Salvador, Brazil, October 25-28, 2005, Proceedings (Lecture Notes in Computer Science)", "cluster": 5}, {"id": "10", "label": "Calculus Early Transcendentals Single Variable", "cluster": 2}, {"id": "11", "label": "Webbots, Spiders, and Screen Scrapers", "cluster": 5}, {"id": "12", "label": "Fast k-NN Classification Rule Using Metrics on Space-Filling Curves", "cluster": 5}, {"id": "13", "label": "Making the Digital City: The Early Shaping of Urban Internet Space (Design & the Built Environment S.)", "cluster": 0}, {"id": "14", "label": "Linspire 5.0: The No Nonsense Guide! (No Nonsense Guide! series)", "cluster": 1}, {"id": "15", "label": "Podcasting for Profit: A Proven 10-Step Plan for Generating Income Through Audio and Video Podcasting", "cluster": 6}, {"id": "16", "label": "Approximating fluid schedules in crossbar packet-switches and Banyan networks", "cluster": 3}, {"id": "17", "label": "Federated Identity Management And Web Services Security With IBM Tivoli Security Solutions", "cluster": 5}, {"id": "18", "label": "Start with a Digital Camera (Special Edition) (2nd Edition) (Start with a)", "cluster": 0}, {"id": "19", "label": "Open Process Frameworks: Patterns for the Adaptive e-Enterprise (Practitioners)", "cluster": 3}, {"id": "20", "label": "Fast and Efficient Context-Aware Services (Wiley Series on Communications Networking & Distributed Systems)", "cluster": 5}, {"id": "21", "label": "Multimedia Directory 1997", "cluster": 0}, {"id": "22", "label": "ASIS&T Thesaurus of Information Science, Technology, And Librarianship (Asist Monograph Series)", "cluster": 1}, {"id": "23", "label": "On product covering in 3-tier supply chain models: natural complete problems for W[3] and W[4]", "cluster": 5}, {"id": "24", "label": "Inside SQL Server 2005 Tools (Microsoft Windows Server System Series)", "cluster": 2}, {"id": "25", "label": "Electronic Engineer's Handbook (Core Handbook CD-ROMs)", "cluster": 4}, {"id": "26", "label": "Call of Duty 2: Big Red One(tm) Official Strategy Guide (Official Strategy Guides)", "cluster": 1}, {"id": "27", "label": "Inside Microsoft Dynamics AX 4.0", "cluster": 2}, {"id": "28", "label": "Wiley Plus/Web CT Stand-alone to accompany Java Concepts (Wiley Plus Products)", "cluster": 5}, {"id": "29", "label": "Modeling methodology b: distributed simulation and the high level architecture", "cluster": 3}, {"id": "30", "label": "Beginning Ruby on Rails (Wrox Beginning Guides)", "cluster": 0}, {"id": "31", "label": "Introduction to Information Systems", "cluster": 0}, {"id": "32", "label": "SUSE Linux Enterprise Server Administration (Course 3037)", "cluster": 1}, {"id": "33", "label": "Hyperstat: Macintosh Hypermedia for Analyzing Data and Learning Statistics", "cluster": 2}, {"id": "34", "label": "An Integrative Modelling Approach for Simulation and Analysis of Adaptive Agents", "cluster": 3}, {"id": "35", "label": "Notes from industry", "cluster": 6}, {"id": "36", "label": "A New Quadtree Decomposition Reconstruction Method", "cluster": 0}, {"id": "37", "label": "Computer Accounting with QuickBooks 2006", "cluster": 6}, {"id": "38", "label": "Program Evaluation: Improving The Flow Of Information To The Congress", "cluster": 6}, {"id": "39", "label": "Jocelyn Robert: Aucune de mes mains ne fait mal", "cluster": 1}, {"id": "40", "label": "Microprogramming for the hardware engineer", "cluster": 4}, {"id": "41", "label": "Special Edition Using Adobe Creative Suite 2 (Special Edition Using)", "cluster": 0}, {"id": "42", "label": "At Ease With Performa", "cluster": 1}, {"id": "43", "label": "Guia Visual de Microsoft Office 2000/ Microsoft Office 2000 Visual Guide (Guias Visuales)", "cluster": 2}, {"id": "44", "label": "Microsoft Expression Web: Visual QuickStart Guide", "cluster": 2}, {"id": "45", "label": "Fast Track: Linux Apache Web Server & Workstation Management", "cluster": 5}, {"id": "46", "label": "TCP/IP Protocol Suite, 3 edition", "cluster": 4}, {"id": "47", "label": "Conker's Bad Fur Day (Prima's Official Strategy Guide)", "cluster": 1}, {"id": "48", "label": "A control word model for detecting conflicts between microoperations", "cluster": 4}, {"id": "49", "label": "Exploring Macintosh Concepts in Visually Oriented Computing & Computing Concepts for End Users", "cluster": 2}], "edges": []}